./README_DIAGRAMS.md:54:  - Check whether websocket server (127.0.0.1:8765) and tsncd frontend (127.0.0.1:3000) are reachable.
./README_DIAGRAMS.md:149:- "Address already in use" on 127.0.0.1:8765
./torch_compile/AGENTS.md:52:| Register a new plain-function operator (e.g. a new elementwise op) | `torch_compile.py`, near `ConstructedModule.add_function(...)` calls (~line 506-515) |
./_guide/poster/poster_references.md:21:[9] [Backprop as a Functor](https://dl.acm.org/doi/10.5555/3470152.3470163), F Fong, D Spivak, IEEE Symposium on Logic in Computer Science (LICS) 2019
./papers/f32c_files/mutation_results.md:17:| Q15 (base pointwise result slot back to .f64) | yes | yes | yes | PASS |
./papers/f32_flip_slice2_log.md:24:- KEPT, historical records / probes with committed output (describe the pre-flip world at the time written): `papers/boolean_predicate_output_evalplan.md:79`, `papers/predicate_boolean_backend_parity.md:399`, `papers/pre_scatter_backend_audit.md:658`, `leanncd/spikes/AxisABoundaryProbe.lean` 116/155/171 and `AxisABoundaryProbe.output.txt:21` (untouched probe with its recorded output).
./papers/f32_flip_slice2_log.md:32:- Historical: `papers/wave_f_capability_manifest.md:192`, `papers/max_min_aggregation.md:4,337,397`, `papers/unary_factor_functions.md:438`, `papers/nonlinearity_split_pair_direct_lowering.md:1999,2015`, `papers/scatter_affine_lhs_writes.md:349`, `papers/wave_f_scanplan_proposal.md:2043`, `papers/wave_c_capability_manifest.md:136`, `papers/f32b_evalplan.md:1560,1667,1871`, `leanncd/docs/superpowers/briefs/2026-08-29-task5-stale-doc-audit-RESULTS.md:33,235`.
./papers/intent_layer_drift_audit.md:24:## 1. Scope, and why it is three files rather than fourteen
./papers/intent_layer_drift_audit.md:30:| `Eval`, `DSL`, `leanncd/` root | 3 | **92,000 (54%)** | ~23k | **15 of 17** | **33 of 35** |
./papers/intent_layer_drift_audit.md:78:| 41 | "every other file here imports `Eval.Error` directly" | four do not — `Tensor.lean`, `Slots.lean`, `Shape.lean`, `Entry.lean`. The node contradicts itself two sentences later |
./papers/intent_layer_drift_audit.md:79:| 72 | "All four `Combine` values happen to use ordinary multiplication, so `unit1 = 1.0`" | `Combine.bool` is `⟨min, max, 0.0, 1.0⟩` — its `mul` is `min`. The conclusion holds, the stated reason does not, and the one value that disproves the premise is offered as an example of it |
./papers/intent_layer_drift_audit.md:102:returns `some a.uid` for **both** constructors, and has since 2026-08-27 (the "fourth class-6 door"
./papers/intent_layer_drift_audit.md:115:By 30–500 lines. Reported examples: `schedule` cited at `Lowering.lean:157-164` is at 129;
./leanncd/AGENTS.md:210:| Check the JAX-bridge Lean drivers after changing a precision default, storage rule, or `InputSignature` constructor | `bash leanncd/experiments/jax_bridge/check-lean-drivers.sh` — runs the four drivers' Lean side (no Python); they are outside every Lake target, so `lake build` cannot catch their run-time rejections |
./leanncd/AGENTS.md:214:| Feasibility experiments: checked `EvalPlan` -> JAX | `experiments/jax_bridge/` — six isolated runners (`run*.sh`): upstream `NetSpec`, the narrow real-`jnp.einsum` smoke, the ordered affine-reference curated suite, the full 3,832-case PropertyOracle corpus, the binary32 `affineReference` runner (`run-evalplan-affine32.sh`, slice F32-JAX), and the scaling probe. The corpus runner explicitly builds non-default `JaxExperiment` plus `Tests`, compares every materialized output eagerly, and JIT-checks feature representatives; generated data stays under ignored `.cache/`. These are empirical backend checks, not production imports or scan lowering. **This backend renders ONLY real sum-product with plain reads (`affineReference`: `f64` and `f32`, labelled `orderedReference64`/`orderedReference32`; `einsumOnly`: `f64` only), and only for CONTEXT-FREE assignments**: a Boolean destination, a Boolean source, tropical max/min algebra, a unary read, an Iverson factor, and a contextful assignment (non-empty `AssignPlan.contextShape`) are all rejected with located typed errors before any Python or evidence, and `einsumOnly` additionally rejects a zero-padded read whose source extent disagrees with its own iteration extent (`labelExtentMismatch` — the rendered einsum would be a different-shaped function; `affineReference` renders it correctly) (see that directory's README) — admitting Boolean outputs in the checked backend did NOT add JAX Boolean execution, and no JAX kernel takes a runtime context coordinate. |
./leanncd/AGENTS.md:218:- **Fail loud, never silently drop semantics** — the intended convention across `DSL/` and `Eval/`: cyclic dataflow, non-injective scatters, nonlinear scatters, inconsistent scan axis orders, unsized axes are all explicit errors, not silent miscompiles or wrong answers. ⚠️ **Read this as "enforced where audited, aspirational where not."** This line previously stated the convention as achieved; the 2026-07-30 audit (`papers/semantic_payload_audit.md`) found **five past violations of it** — `evalScan` panicked on an unsized iteration axis instead of erroring, `brOpOfIdx` mapped any unknown tag to `.contract`, `writeSBr` swallowed CSV encode errors, `checkScatterNonlin` accepted `.recurMorphism` then discarded it, and (historically) `splitNonlins` dropped `rhs.agg`. Wave A closed six findings; **finding #6 (the boundary *decoder* defaults — `realizeStMat` zero-fill, `realizeBrBaseP`, `AcsetCodec`, `realizeSBr`) is still UNAUDITED.** The `splitNonlins` `agg`-drop entry is retained as accurate history — `splitNonlins` is now off-chain (regression-only helper in `Pipeline/Lowering.lean`; the production nonlinearity split happens at the `route` boundary via `physicalizeForRoute`), and the drop is provably vacuous even there (a non-sum `agg` statement has `nonlin = .identity` by construction, so the split never carries a droppable non-sum `agg`) — but it was a real bug at the time of the audit, and its lesson (a split that reconstructs a per-node body must carry every field of the source, not just the ones the split's arithmetic uses) still applies. Treat the convention as a goal to verify, not a guarantee to rely on.
./docs/dsl_examples.md:4:Each example is shown six ways:
./docs/dsl_examples.md:47:contracted; four external variables (`a`, `c_1`, `c_2`, `e`) are retained.
./docs/dsl_examples.md:79:patterns in `where(...)`. All four contracted indices are summed by `.per(a, c1, c2, e)`.
./docs/dsl_examples.md:146:producing the four retained output wires `a(4)`, `c_1(2)`, `c_2(2)`, `e(3)`. Dashed separators
./docs/dsl_examples.md:164:four retained axes:
./papers/equivariance_unification.md:37:The closure proceeds in six phases; their status is tracked in [§6](#6-status-of-the-attack-plan).
./papers/archive/NaperianTyping-2026-06-29-draft.md:708:15. **nLab: [Kan Extension](https://ncatlab.org/nlab/show/Kan+extension)** — Left/right Kan extensions, used to formalize reduction and fold operations.
./docs/bool_semiring_extension.md:422:The four challenges identified in the Categorical structure section have different statuses in the current implementation.
./papers/acset.md:69:Two entity types (`Axis`, `Entry`), two attribute types ($\mathbb{N}_{>0}$, $\mathbb{N}$), four maps. A single schema covers both St objects and St morphisms.
./papers/acset.md:129:Five entity types, six attribute types ($\mathbb{N}$, $\mathbb{N}_{>0}$, $\mathbb{Z}$, $\mathbb{B}$, $\texttt{OpTag}$, $\texttt{DataTag}$, $\texttt{String}$), twenty-three maps. `max_value` is a partial map defined only for `Natural`-typed arrays. `operator_tag`, `norm_axis`, `bias`, and `elementwise_fn` are partial maps defined only for output arrays (`is_input = False`); `norm_axis` is further restricted to operators in $\{\texttt{SoftMax}, \texttt{MaskedSoftMax}, \texttt{Normalize}, \texttt{MaskedNormalize}\}$; `bias` is restricted to `Linear` output arrays; `elementwise_fn` is restricted to `Elementwise` output arrays. `op_predicate` is partial — defined only for output arrays with `MASKED_SOFTMAX` or `MASKED_NORMALIZE` operator_tag; holds the serialized Iverson predicate string governing the mask (e.g. `"(x <= q)"`). `wire_label` is partial — defined only for `BOOL`-typed input arrays that arise from rhs Iverson factors (bare predicates, `name = None`); holds the predicate the wire represents. `lhs_name` is partial — may be `None` for anonymous equations.
./papers/acset.md:410:The `TensorEquation` dataclass has four relevant fields: `lhs_name` (the output tensor name), `lhs_indices` (the tuple of output axes), `rhs` (a sequence of `(tensor_name, axes)` pairs for each input), and `operator` (the base nonlinearity, or `None` for identity). An axis appearing in `lhs_indices` is **retained** (also called a **degree** axis) — it loops in the outer degree loop and appears in the output. An axis appearing in `rhs` but not in `lhs_indices` is **contracted** — it is summed over by the base operation.
./papers/acset.md:412:These fields map to the four tables of `SBrInstance`: `arrays: list[ArrayRow]`, `array_axes: list[ArrayAxisRow]`, `samples: list[SampleRow]`, and `axis_sizes: dict[UID, Numeric]`. Operator-specific parameters (`bias`, `elementwise_fn`) and array datatypes (`datatype_tag`, `max_value`) require additional caller-supplied information. The structural mapping is:
./papers/acset.md:537:`SoftMax` maps to `SOFTMAX`; `SoftMax(where_predicate=(...))` maps to `MASKED_SOFTMAX`. `Normalize` maps to `NORMALIZE`; `Normalize(where_predicate=(...))` maps to `MASKED_NORMALIZE`. The `norm_axis` FK is populated for all four. The Iverson predicate from `where_predicate` is serialized via `_serialize_iverson` into the `op_predicate` field of the output `Array` row — e.g. `"(x <= q)"` — and round-trips through `arrays.csv` for both masked variants. `mask_alignments` is not stored; it is recomputable from `_compute_mask_alignment(predicate, lhs_axes)` at reconstruction time.
./papers/wave_f_capability_manifest.md:149:and confirmed to match the new arity — no stale three- or four-argument construction survives
./papers/wave_f_capability_manifest.md:187:  pointwise/axiswise scan sources, moving template 2's four `unsupportedNonlin` cases into the
./papers/wave_f_capability_manifest.md:189:  tropical algebras `evalScheduled` already evaluates), moving template 5's four `unsupportedAgg`
./papers/wave_f_capability_manifest.md:262:then split four ways by the f32 slice (`f32_evalplan.md`), which admitted genuine binary32 execution
./papers/f32_evalplan_handoff.md:22:| Plan content SHA-256 | `08e87529055e7073250158b6f7407b8812b78266201f98ea6977eab3c46d9893` |
./papers/f32_evalplan_handoff.md:32:# must print 08e87529055e7073250158b6f7407b8812b78266201f98ea6977eab3c46d9893
./papers/f32_evalplan_handoff.md:65:| 3 | Native binary32 local and graph execution | 16 | 15 |
./papers/f32_evalplan_handoff.md:66:| 4 | Named f32 boundary, guard the legacy adapter | 15 | 19 |
./papers/f32_evalplan_handoff.md:97:The script prints six numbered steps and exits non-zero on any problem. **Read its output; do not
./docs/to_do.md:49:- `docs/bool_semiring_extension.md` — design section fully updated; all four
./papers/archive/README.md:29:`StMatP` reindexing invariants — merged as `b0bc15a`, explicitly *not* the typeclass. So adopting a
./leanncd/realize.md:63:**Copy and discard (needed for whole models).** Those four constructors describe only *linear*
./leanncd/realize.md:352:  the four conjuncts fail, so this is a **fix-the-compiler-then-prove** task, not a pure proof:
./leanncd/realize.md:425:- **Phase 4 — prove the four conjuncts + assemble.** `compile_eq_route` plumbing (peel `EStateM` binds,
./docs/superpowers/specs/2026-07-16-e1-traverseaxes-stmt-design.md:51:`idxAxisUIDs`/`boolAxisUIDs`/`termAxisUIDs` (from `LeanNCD.Eval.Contract`), proved via six new
./docs/superpowers/specs/2026-07-16-e1-traverseaxes-stmt-design.md:87:`Nonlin` section of the spike file) and the `Stmt.uids_eq` production theorem plus its six
./papers/nonlinearity_split_pair_direct_lowering.md:7:all six oracle groups, and the active documentation inventory now describes one logical schedule
./papers/nonlinearity_split_pair_direct_lowering.md:45:  - [1.5 Motivations and benefits](#15-motivations-and-benefits)
./papers/nonlinearity_split_pair_direct_lowering.md:136:        0.9915205505990216, 0.008479449400978346]
./papers/nonlinearity_split_pair_direct_lowering.md:167:   legacy Eval in 5.68 seconds; four independent oracle mutations failed as intended.
./papers/nonlinearity_split_pair_direct_lowering.md:232:| [`blockstep_migration/BlockStepMigrationSeed.lean`](implementation_seeds/nonlinearity_route_fragments/blockstep_migration/BlockStepMigrationSeed.lean) | Local `BlockStep` sum (`.assign`/`.pointwise`/`.axiswise`), the `RawPlanBlock.steps` field, checked-step wiring through unchanged production `checkStepGraph`, block-specific nonlinear `sourceCheck`/`nonlinearSourceNotLocalAssignment`, exhaustive Dense dispatch, `.assign`-only scan causality, all nine donor-derived fixtures, and six mutation toggles | Direct donor for Task 3's `BlockStep` migration | Its scan adapter delegates geometry/capture/write validation to the production scan checker but performs the assignment-only causality traversal itself with local types, because the spike could not touch production files; production must transplant that logic into the real types, not import or retain this adapter |
./papers/nonlinearity_split_pair_direct_lowering.md:234:| [`nonlinear_scan_admission/NonlinearScanAdmissionSeed.lean`](implementation_seeds/nonlinearity_route_fragments/nonlinear_scan_admission/NonlinearScanAdmissionSeed.lean) | Task 4's `retainedAxisPos` helper rehearsed over leading/interleaved/trailing local-axis positions; a byte-faithful local clone of private `ScanAffineTest.reluScan`'s source syntax; and legacy `evalScheduled` executions of the three public `ScanCompileTest` donors with their exact retained inputs | **Not a transplant donor.** Phase-1 helper evidence plus an executable stop report | It contains no scan unroller, no oracle, no nonlinear lowering, no allocation/publication helper, and no mutation toggle. It proves none of §3.6's six recorded values |
./papers/nonlinearity_split_pair_direct_lowering.md:235:| [`nonlinear_scan_admission/OracleFixtureSeed.lean`](implementation_seeds/nonlinearity_route_fragments/nonlinear_scan_admission/OracleFixtureSeed.lean) | The six replacement oracle fixtures: four freshly authored logical `ScheduledProgram`s (leading pointwise scratch, interleaved axiswise, nonlinear base, scratch→scratch→state) with inputs, structural `#guard`s, and printed legacy values; plus in-place re-execution of the two adopted source tests | **Direct donor for Task 4's fixture list** — the programs and values §3.6 now records | It executes only the legacy path. It proves no checked-Plan admission, no oracle agreement, and no publication/write safety — all still Task 4's work |
./papers/nonlinearity_split_pair_direct_lowering.md:236:| [`nonlinear_scan_admission/README.md`](implementation_seeds/nonlinearity_route_fragments/nonlinear_scan_admission/README.md) | Two records. The Phase-2 source-recovery finding (donor-by-donor account, group-by-group non-reproduction table, and the forensic search establishing the six spike source/input pairs are gone); and "Oracle fixture authoring", the full per-fixture record of the replacements | **Read before planning Task 4** — the first half is why the values were re-authored, the second is what replaced them | The recovery finding establishes "not recoverable from retained evidence," NOT mathematical impossibility. The adopted fixtures' confirmation is an exit-0 check on the whole source file, which is sound but weaker than observing their values directly |
./papers/nonlinearity_split_pair_direct_lowering.md:247:in ~5.3s with its 15 `#guard`s and five `run_cmd` blocks silent, and all five again from inside a
./papers/nonlinearity_split_pair_direct_lowering.md:254:- all 15 `#guard`s and five `run_cmd` checks;
./papers/nonlinearity_split_pair_direct_lowering.md:266:**A sixth donor, `blockstep_migration/BlockStepMigrationSeed.lean`, was added 2026-08-27** against
./papers/nonlinearity_split_pair_direct_lowering.md:269:printed fixture outputs match the README's claims byte-for-byte; all three gate commands (the four
./papers/nonlinearity_split_pair_direct_lowering.md:277:against `2e1b8e8`, now an ancestor of `main`). It is categorically unlike the other six: it is a
./papers/nonlinearity_split_pair_direct_lowering.md:283:program for any of §3.6's six recorded oracle groups survives. An independent scan of every Git
./papers/nonlinearity_split_pair_direct_lowering.md:285:the distinctive float `9915205505990216` (from group 2's recorded history) returns matches in
./papers/nonlinearity_split_pair_direct_lowering.md:449:The seventh command is a stop report, not a donor baseline: it prints `PHASE 1 COMPLETE`, four
./papers/nonlinearity_split_pair_direct_lowering.md:481:  guarantee into a tautology. If the authentic pair is unrecoverable — and for all six groups it is,
./papers/nonlinearity_split_pair_direct_lowering.md:537:**Post-spike final decision.** The four latest spikes do not justify replacing this architecture.
./papers/nonlinearity_split_pair_direct_lowering.md:538:They do replace four weaker implementation assumptions:
./papers/nonlinearity_split_pair_direct_lowering.md:604:- update its six current matches across `Types.lean`, `Lowering.lean`, and `LoweringTest.lean`.
./papers/nonlinearity_split_pair_direct_lowering.md:768:| 6 | `.plain (.scatter …)`, `nonlin ≠ .identity`, **OR** `.plain (.assign …)`, `nonlin ≠ .identity` **AND** `slotsBecomeScatter` | **no** — `checkScatterNonlin` rejects both spellings first, byte-identical payload | **reject; never a silent copy.** At least two known doors closed (implementation review, 2026-08-26): an `.assign` with an `.affine` or diagonal LHS would otherwise take the split arm and silently drop the affine placement (`LHSSlot.toReadIdx` maps `.affine _ => none`). ✅ A THIRD door was found and is now CLOSED: `toReadIdx` collapsed `.iterAt a n`/`.iterNext a` to `axis a`, discarding the pinned literal/shift — a `.plain (.assign …)` carrying an iteration slot (only reachable via a hand-built schedule; `finalizeScans` always groups this shape into a `.scan`) took the split arm with mismatched read/write coordinates. Fixed not by correcting `toReadIdx` but by rejecting: `.iterAt a n`/`.iterNext a` write the same coordinates as `.affine (.const n)`/`.affine (.shift a 1)` (per `LHSSlot.outIdx`) when isolated from a real scan body, so a new local `slotsCarryIterSlot` predicate (`RouteFragments.lean`) flags them and `fragmentClass`/`physicalizeOne` reject with the new `CompileError.unsupportedNonlinIterSlot` diagnostic (`unsupportedNonlinScatter` would have been a misnomer here). See `RouteFragments.lean`'s header and regression fixture 16 (`RouteWeaveTest.lean`). ✅ A FOURTH door was found (whole-branch review, 2026-08-27) and is now CLOSED — it was reachable from surface `tlprog!` syntax through public `compile`, not only a hand-built schedule: `slotsBecomeScatter`'s diagonal detector (`freeUID?`) used to count only `.free`-marked axes, so `[.free a, .freeNorm a]` (same axis) was not flagged, yet `producerSlots` degrading `.freeNorm a → .free a` on the producer turned it into a genuine diagonal `[.free a, .free a]` no gate checked. Fixed by broadening `freeUID?` to also count `.freeNorm` UIDs, so `slotsBecomeScatter`/`checkScatterNonlin` reject `tlprog!{ Y[i, i.] := softmax(X[i]) }` exactly like the control `Y[i, i] := softmax(X[i])`. See `RouteFragments.lean`'s header, and regression fixtures `RSN5` (`ScatterNonlinRejectTest.lean`) / fixture 15 (`RouteWeaveTest.lean`). |
./papers/nonlinearity_split_pair_direct_lowering.md:998:confusion are the four required oracle mutations.
./papers/nonlinearity_split_pair_direct_lowering.md:1050:| 15 | Clone `LoweringTest` identity `A <-> B` cycle | `cyclicDataflow "schedule: cyclic dataflow" @2` | exact same |
./papers/nonlinearity_split_pair_direct_lowering.md:1051:| 16 | Change both fixture-15 RHSs to ReLU | same cycle error `@4` | same error `@2` |
./papers/nonlinearity_split_pair_direct_lowering.md:1178:| 1 | Atomic logical boundary, physical adapter, public API compatibility, decisive route equality, and Agreement restoration | 12 architecture fixtures plus a nonlinear-scatter rejection fixture, 19 compile and 2 route-domain differential cases / 15 cycles; full API-census verification | High integration risk; formal proof and diagnostic feasibility established |
./papers/nonlinearity_split_pair_direct_lowering.md:1198:> differential — and maps this section's fourteen mutation cycles onto them 1:1 with none dropped.
./papers/nonlinearity_split_pair_direct_lowering.md:1371:Each of these fifteen items is one production-mutation/observed-fail/restore/observed-pass cycle.
./papers/nonlinearity_split_pair_direct_lowering.md:1372:(The fifteenth, the class-6 catch-all, was added 2026-08-26 with Section 2.4's case table.)
./papers/nonlinearity_split_pair_direct_lowering.md:1424:> [`leanncd/docs/superpowers/plans/2026-08-27-nonlinearity-fourth-door-fix.md`](../leanncd/docs/superpowers/plans/2026-08-27-nonlinearity-fourth-door-fix.md)
./papers/nonlinearity_split_pair_direct_lowering.md:1492:  (four fixtures);
./papers/nonlinearity_split_pair_direct_lowering.md:1547:> dispatchable sub-tasks rather than three or four: Lean's exhaustiveness checking forces the
./papers/nonlinearity_split_pair_direct_lowering.md:1572:> where it needs **four** — `nonlinearSourceNotLocalAssignment` ∧ `inputSlotOverwritten` ∧
./papers/nonlinearity_split_pair_direct_lowering.md:1574:> asserting the conclusion. Both production docstrings now enumerate all four; **Task 4 must not
./papers/nonlinearity_split_pair_direct_lowering.md:1592:with exact observed outcomes, and all six mutation cycles, re-verified against `main` after Tasks 1
./papers/nonlinearity_split_pair_direct_lowering.md:1614:this task at **1.5-2 focused days**, including six mutation cycles and reviews.
./papers/nonlinearity_split_pair_direct_lowering.md:1656:At least six cycles are mandatory:
./papers/nonlinearity_split_pair_direct_lowering.md:1703:> 3. **The six oracle groups are not additional fixtures.** §3.2's "19 cross-layer fixtures including
./papers/nonlinearity_split_pair_direct_lowering.md:1704:>    6 oracle groups" is exact: the six are fixtures 4, 5, 6, 8, 9 and 11 routed through a *third*
./papers/nonlinearity_split_pair_direct_lowering.md:1705:>    assertion path, not six more programs. Task 3 added zero new fixtures.
./papers/nonlinearity_split_pair_direct_lowering.md:1716:> The six oracle-group values this section originally recorded (`[2,3,20,300,200,30000]`, an
./papers/nonlinearity_split_pair_direct_lowering.md:1717:> interleaved-axiswise history, and four more) came from an early spike and **could not be
./papers/nonlinearity_split_pair_direct_lowering.md:1725:> **This is resolved, not open.** The six *shapes* were always the coverage that mattered; the
./papers/nonlinearity_split_pair_direct_lowering.md:1728:> not that any matches a historical float. Fresh programs of the same six shapes, with values taken
./papers/nonlinearity_split_pair_direct_lowering.md:1732:> for the programs. Four were authored, two adopted from existing tests; all six were re-run and
./papers/nonlinearity_split_pair_direct_lowering.md:1815:15. Masked axiswise recurrence rejection.
./papers/nonlinearity_split_pair_direct_lowering.md:1821:The following six fixture groups must also execute through the independent oracle. **The values
./papers/nonlinearity_split_pair_direct_lowering.md:1822:below replace the six recorded in this section until 2026-08-28**, which were unrecoverable — no
./papers/nonlinearity_split_pair_direct_lowering.md:1866:  validation (four cycles);
./papers/nonlinearity_split_pair_direct_lowering.md:1874:These are nine production and four independent-oracle
./papers/nonlinearity_split_pair_direct_lowering.md:1896:> the four corrections below, not against this section's original text.
./papers/nonlinearity_split_pair_direct_lowering.md:1902:> | 1 — differential cases for the five nonlinear shapes | **done** (Task 4) | `nonlinearScanFixtures` in `DifferentialTest.lean` covers all five (plus a sixth), each through the three-way `scanParityCheck` |
./papers/nonlinearity_split_pair_direct_lowering.md:1955:> | `leanncd/realize.md` | L110-115, L119-122, L172, L194 | — |
./papers/nonlinearity_split_pair_direct_lowering.md:2053:> returns zero paths under `LeanNCD/DSL/Pipeline/` or the four route/bridge tests, so
./papers/nonlinearity_split_pair_direct_lowering.md:2081:>   four cases and that the boundary shifted exactly as the assertion was designed to catch.
./papers/nonlinearity_split_pair_direct_lowering.md:2152:   `nonlinearScanFixtures` covers all five plus a sixth; verify, do not rebuild.
./papers/f32b_evalplan_handoff.md:40:Also re-check that the plan's six Lean blocks still compile against your tree:
./papers/f32b_evalplan_handoff.md:91:Do **not** pass `--plan`, because this plan is tracked in `papers/`. Read the script's six numbered
./papers/f32b_evalplan_handoff.md:125:3. **Guards before admission (Task 3).** The four worker guards and their order fixtures come before
./papers/post_audit_roadmap.md:82:`pre_scatter_backend_audit.md` §B2.3's decision-B reading for all fourteen groups G17–G30 making the
./papers/post_audit_roadmap.md:114:exactly this shape is what made the Boolean/predicate slice cost six review rounds.
./papers/post_audit_roadmap.md:124:  tripwire proof does need a fourth constructor temporarily, but it cannot live in a throwaway
./papers/post_audit_roadmap.md:163:fourth `WriteRowKind` constructor **in place in `Eval/Plan/Scan.lean`** (a spike cannot do it — see
./papers/post_audit_roadmap.md:171:build reports **six errors over five rows**: `baseWriteRowsOk`'s cover, *both* of
./papers/post_audit_roadmap.md:173:`writesCollide`. **Any of those six that still compiles is a catch-all that was missed, and is the
./papers/post_audit_roadmap.md:180:- **Risk:** low-moderate. **0 new fixtures, 1 mutation cycle** (the fourth-constructor proof). The
./papers/post_audit_roadmap.md:206:> actually built.** Two of its four rows cannot be built as written and a third asks for coverage
./papers/post_audit_roadmap.md:234:> `baseWriteRowsOk`, four for `stepWriteRowsOk`, plus an order-half and a position-swap guard — three
./papers/post_audit_roadmap.md:237:> isolate. Broader than four fixtures, and derived from the clause structure rather than from a
./papers/post_audit_roadmap.md:310:corrections above (the impossible spike mechanism, "every site in the table", the four-fixture table,
./papers/post_audit_roadmap.md:318:**Nine tripwired sites, seven of them production**, verified by adding a fourth constructor in place:
./papers/post_audit_roadmap.md:319:six in `Eval/Plan/Scan.lean` (`baseWriteRowsOk`'s cover, both of `stepWriteRowsOk`'s non-advancing
./papers/post_audit_roadmap.md:322:`stepWriteRowsOkNoClause1` oracle. Only the six in `Scan.lean` appear in the first build; the other
./papers/post_audit_roadmap.md:391:| "four docstrings and one `AGENTS.md` node" enumerate the constructor set | **six prose sites + one node** |
./papers/post_audit_roadmap.md:409:deliberately proves *slot* identity and never *name* identity. That choice is documented in four
./papers/post_audit_roadmap.md:452:become false the moment a fourth exists. Updating them is mechanical, but it is **only correct after**
./papers/post_audit_roadmap.md:493:- **Semantic-payload finding #6** — the four boundary decoders (`realizeStMat`, `realizeBrBaseP`,
./papers/f32_flip_slice2_review_B.md:29:- Verified: read CompileTest 2436-2515; the pins are unchanged context lines.
./papers/f32_flip_slice2_review_B.md:33:- Claim: `explicitF64` declares EVERY undeclared used name (outputs included, axes derived from first write, affine LHS too), then `.typedTensor .f64` is retagged f32. The following `outDecls` loop (declare outputs over `.free` LHS axes) now finds every output already declared and is dead; the docstring ("every undeclared statement output gets a binary32 declaration over its own LHS axes", "undeclared extra inputs are dropped") is partly stale. Behavior difference: outputs with non-`.free` LHS slots were previously left undeclared (and so mixed-precision/rejected in the f32 path); they may now be declared and accepted, so the stride-sampled `enumPrograms` slice can differ from before. The commit message says all four drivers "exit 0 on the flipped tree", so nothing crashes; I could not run them.
./papers/f32_flip_slice2_review_B.md:53:B7. Docs are consistent with code: default binary32 (`storageConstraintOfDecl`, `storageConstraintOfName?`, `dtypeOfDecl`), bool-only defaults and the reference evaluator unchanged (matches the unchanged `deriveStorageKind`/`scheduleStorageKind` and the StructuralTest (c) pin), four regressions listed identically in the DSL and Eval/Plan nodes. No `File.lean:NNN` in added markdown; one prose line reference in a test comment (Minor 1) and an unrelated condensation of two paragraphs in `leanncd/AGENTS.md` (Minor 3).
./papers/2026-08-20-thread-4-nonlinearity-plan-review.md:136:Task 1 is estimated at approximately six fixtures, but its fixture list contains at least:
./papers/cute_integration.md:156:[  8,  9, 10, 11, 12, 13, 14, 15 ]
./papers/cute_integration.md:189:[  3,  7, 11, 15, 19, 23, 27, 31 ]
./papers/cute_integration.md:231:[  8,  9, 10, 11, 12, 13, 14, 15 ]
./papers/cute_integration.md:245:[  5,  7, 13, 15, 21, 23, 29, 31 ]
./papers/cute_integration.md:301:[12,13,14,15]
./leanncd/SORRY_INVENTORY.md:145:`-- SIGNATURE`-annotated. New real code-line `sorry` count: **15** (3 + 1 + 1 + 10).
./leanncd/SORRY_INVENTORY.md:199:adopted (argumentcomputer/LSpec `main`, rev d3c15b9 — v4.29-targeted but compiles under v4.30; zero
./leanncd/AGENTS_REFERENCE.md:53:  reference evaluator are unchanged, so unannotated programs hit the four documented regressions
./docs/superpowers/specs/2026-06-10-leanncd-graded-prop-revamp-design.md:232:6. Carries all six caveats of §6 explicitly.
./leanncd/docs/test_portfolio.md:32:- [15. Adversarial — tricky-but-valid edge cases (should pass)](#15-adversarial--tricky-but-valid-edge-cases-should-pass)
./leanncd/docs/test_portfolio.md:94:| [`EdgeCaseTest.lean`](../test/Eval/Portfolio/EdgeCaseTest.lean) | §15 | EC1–EC7, EC10–EC15 | EC8 `[✔]`; EC9 parse-fail (comment) |
./leanncd/docs/test_portfolio.md:124:  `unexpected token 'c['`. `cc`, `c2`, and uppercase `C` are all unaffected — see EC15.
./leanncd/docs/test_portfolio.md:169:| AT8 | **generalized cross-attention** `A[q, s.] := softmax(Q[q,h]·K[s,h])` `O[q,g] := A[q,s]·V[s,g]` | Q=I₂, K=`[[1,0],[0,1],[1,1]]`, V=`[[2,0],[0,2],[1,1]]` → A rows sum to 1, O=`[[1.267,0.733],[0.733,1.267]]` | four fully-decoupled axes: query-pos `q`, key/val-pos `s`, score-feature `h` (Q/K only), value-feature `g` (K/V only, `h`≠`g` as roles). Q/K may come from a different source than V | `[N]` `[E]` |
./leanncd/docs/test_portfolio.md:421:> See `termAxisUIDs` in `Eval/Contract.lean`, and the regression tests EC13/EC15.
./leanncd/docs/test_portfolio.md:488:## 15. Adversarial — tricky-but-valid edge cases (should pass)
./leanncd/docs/test_portfolio.md:506:| EC15 | **per-term contraction scoping** `Y[i] := u[]·a[i] + W[i,k]·v[k]` | `k` appears only in the second term, so only that term is contracted over `k`; the `k`-less first term `u·a[i]` is added in exactly once | regression test for per-term (not whole-equation) contraction scoping. **Naming hazard:** a tensor/predicate named exactly `c` immediately followed by `[` (e.g. `c[k]`) fails to parse — not a DSL bug, but a **global token collision**: Mathlib's `Equiv.Perm` cycle notation (`Mathlib.GroupTheory.Perm.Cycle.Concrete`) registers `c[` as a single reserved token (`c[0,1,2]` = a permutation cycle), and Lean's tokenizer binds it greedily ahead of `ident` + `[`. Scoped to exactly the identifier `c` (`cc`, `c2`, uppercase `C` all parse fine). Avoid naming any tensor/predicate `c` in DSL programs | `[N]` `[E]` |
./leanncd/docs/test_portfolio.md:523:| Boolean/predicate DECLARED outputs (`predicate P(…)`) through the CHECKED backend | — | `Eval.Plan.DifferentialTest`'s curated `predicatePrograms` corpus — **10 entries** (Task 4.5): the six Iverson/mask donors RL1/RL6/RL7/RL8/NM4/AT12 plus four declared-predicate programs (GN2's predicate adjacency as a `bool` SOURCE into a real destination, an RL1 clone with `predicate I(i, j)`, and a scalar Boolean contraction twice — all-true and non-binary `0.25`/`0.75`). Each runs checked-vs-reference agreement under declaration-aware input signatures plus its observed value; the length is pinned by `#guard`. Deliberately OUTSIDE `PropertyOracle.enumPrograms`, which the affine JAX corpus consumes wholesale |
./leanncd/docs/test_portfolio.md:541:| Per-term contraction scoping | — | EC13 (independent per-term dummy axes of different sizes), EC15 (`k`-less term unaffected by `\|k\|`) |
./leanncd/docs/test_portfolio.md:581:term — see the §12c callout and EC13/EC15.
./leanncd/docs/test_portfolio.md:724:7. **`Eval/Scan.lean:39-42`** — the same `Combine`-from-`rhs.agg` selection used for scan steps
./papers/f4_plan_thoughts.md:12:3. preserve the four-layer error boundary;
./papers/f4_plan_thoughts.md:407:15. Call `checkScanPlan`; report unexpected compiler-output rejection as `invalidPlan`.
./papers/boolean_predicate_output_evalplan.md:590:8. Extend DifferentialTest's existing `predicatePrograms` from its six current entries with Task 4.3
./papers/boolean_predicate_output_evalplan.md:1190:- Whole-branch review fixes distinguish scan-local writes from external publications (`e15dce1`),
./leanncd/experiments/jax_bridge/README.md:3:This directory holds six isolated experiment runners, none of which changes LeanNCD's dependencies
./leanncd/experiments/jax_bridge/README.md:27:- **`check-lean-drivers.sh [STRIDE]`**: builds `LeanNCD JaxExperiment Tests`, then runs the four Lean
./leanncd/experiments/jax_bridge/README.md:32:  change; the F32 default flip broke all four silently.
./leanncd/experiments/jax_bridge/README.md:184:`EvalPlanAffineSmoke32.lean` and `evalplan_affine_smoke32.py` exercise four routes: the named
./leanncd/experiments/jax_bridge/README.md:205:39-case corpus sample, every case JIT-checked), and `1 1` is the full-corpus run above.
./leanncd/experiments/jax_bridge/README.md:254:A fourth `einsumOnly`-only restriction is about MEANING rather than structure: label extents. A
./leanncd/experiments/jax_bridge/README.md:305:ranging over 64, a 4,096-coordinate iteration domain, 1,024× the corpus's maximum of four — against
./leanncd/experiments/jax_bridge/README.md:317:- 340 ms / 15 ms first-call (eager) times for the affine path and native `jnp.einsum` respectively —
./leanncd/experiments/jax_bridge/README.md:344:All four experiment runners passed, and the complete Lean build finished with 8,642 jobs.
./papers/theory.md:124:The first two are the core primitives; the next three are structural; the sixth (`Scan`) is a pyncd extension not present in the original paper.
./papers/theory.md:277:A broadcasted operation is built from four ingredients (Definition 13):
./papers/theory.md:291:   In Python, the tuple of reindexings is stored as the `reindexings: Prod[StrideCategory[A]]` field on the `Broadcasted` dataclass — the root morphism of **Br** that packages all four ingredients together. On a GPU, the loop $P$ is what gets tiled: each processor is assigned a small chunk of $P$'s coordinates, loads only the corresponding slice of each input, and works entirely in fast on-chip memory.
./papers/theory.md:388:A lift extends an object or morphism in **Br** by a shape or morphism from **St**, adding new axes to an existing expression in a principled way. The four lifts correspond to the four combinations of what is being extended and what it is extended by:
./papers/theory.md:1060:`lift_by` accepts either a `StrideMorphism` or a `ProdObject` of axes; the latter is treated as the identity stride morphism, so the reindexings gain an identity prefix and the weaves gain correspondingly many `TILED` entries. The `>>` operator dispatches to all four lifts based on operand types: `ProdObject >> ProdObject` → `object_object_lift`; `StrideMorphism >> ProdObject` → `object_morphism_lift`; `ProdObject >> Morphism` → `morphism_object_lift`; `StrideMorphism >> Broadcasted` → `broadcasted_stride_lift`.
./papers/restructure_suggestions.md:129:four-guarantee lens still applies — it now has a fifth consumer, since *backend* agreement is the
./papers/restructure_suggestions.md:205:   optionally add a `#guard` totality check (`(List.range 15).map (brOpIdx ∘ brOpOfIdx) ==
./papers/restructure_suggestions.md:206:   List.range 15`). (A different question about the same type, left to **E13**: this constraint
./papers/restructure_suggestions.md:227:> `BrNF.lean:34` (not `Br.lean:288`); the `Shape.lean` "Task 6" placeholder was at `:515`; and
./papers/restructure_suggestions.md:337:**4f. Decompose `evalScan`** (`Eval/Scan.lean:91-135`, 45 lines, four phases already numbered
./papers/restructure_suggestions.md:409:`Structural.lean:406-521` — one 115-line function doing seven jobs (base-axis adoption,
./papers/restructure_suggestions.md:412:four behavioral fixes this cycle (multi-axis, heterogeneous-coupling reject, scan-projection
./papers/restructure_suggestions.md:422:`finalizeScans` becomes ~15 lines of plumbing; the four validation loops live inside
./papers/restructure_suggestions.md:431:patterns at ~15 sites; a `ScanNode` structure argument would name the fields. Medium churn,
./papers/restructure_suggestions.md:459:> field-projection proofs collapse to one-liners off the new `buildStep_ok_eq` (`rfl` for the four
./papers/restructure_suggestions.md:462:> was untouched. Net **−35 lines of Lean** (RouteSpec 908→874; `Lowering` net −1), well short of the −150 estimate,
./papers/restructure_suggestions.md:487:  `find?_of_injective_key` combinator per-site cost drops to ~5 lines. ≈ −150–200 lines.
./papers/restructure_suggestions.md:513:| `instDGradedStBr` 10 fields (`Instances/StBr.lean:15-24`) | The genuine long pole: `act` is de-risked (spike S0, ~400–650 lines), `sh_act` redesigned to `≅`, `broadcast_gen` deep. Staged work, unaffected by this doc. |
./papers/restructure_suggestions.md:558:| ✅ | **Wave C C1** — static signature boundary: `TensorSignature`/`InputSignature` vocabulary, `inferAxisSizesCore` extraction, `inferAxisSizesFromSignature`, six test categories (`Eval.Plan.SignatureTest`), registered in the default build target | 2026-08-05 | full cached `lake build` green (8,622 jobs) |
./papers/restructure_suggestions.md:559:| ✅ | **Wave C C2** — checked local kernel vertical slice: local-operation IR (`Plan/Kernel.lean`), `PlanError`/`PositionalInputError` diagnostics (`Plan/Error.lean`), the private-constructor checker `checkAssign` (`Plan/Check.lean`), and the Dense interpreter `runDenseAssign` (`Plan/Dense.lean`), with 32 `#guard` fixtures across three test modules (`Eval.Plan.KernelCheckTest` 15, `Eval.Plan.KernelDenseTest` 16, `Eval.Plan.CheckedPrivacyTest` 1), registered in the default build target | 2026-08-06 | full cached `lake build` green (8,629 jobs) |
./papers/restructure_suggestions.md:635:                       four files' ℕ axes must STAY `axis` (RecurrenceTest:77 is a no-recurrence mask
./papers/restructure_suggestions.md:693:                       written — which is also why 15 oracle sites populate the kind size. Deleting
./papers/restructure_suggestions.md:965:> **Prototype result (IdxExpr slice only, 2026-07-15):** `test/DSL/TraverseAxesSpike.lean`
./papers/restructure_suggestions.md:972:> `docs/superpowers/specs/2026-07-15-e1-traverseaxes-prototype-design.md` for the full go/no-go
./papers/restructure_suggestions.md:981:> **Prototype result (PredArith slice, 2026-07-15):** extended
./papers/restructure_suggestions.md:997:> `docs/superpowers/specs/2026-07-15-e1-traverseaxes-predarith-design.md` for the full go/no-go
./papers/restructure_suggestions.md:1025:> **Prototype result (BoolExpr slice, 2026-07-15):** extended `test/DSL/TraverseAxesSpike.lean` to
./papers/restructure_suggestions.md:1037:> `docs/superpowers/specs/2026-07-15-e1-traverseaxes-boolexpr-design.md` for the full go/no-go criteria.
./papers/restructure_suggestions.md:1146:> `termAxisUIDs`, proved via six new private bridge lemmas — to
./papers/restructure_suggestions.md:1394:generalizes past this one boundary — `evalScan`'s four numbered phases (Spike 4f) are a second
./papers/restructure_suggestions.md:1435:> `ScanOracle.lean` + entry, 2026-07-12) — a curated six-template scan generator, a mechanical
./papers/restructure_suggestions.md:1453:   the per-term-scoping law, generalized from EC13/EC15's two points to all small programs.
./papers/restructure_suggestions.md:1552:> **✅ DONE — merged to `main` 2026-07-15.** All three honest unknowns resolved: no phase
./papers/restructure_suggestions.md:1566:> `docs/superpowers/specs/2026-07-15-e11-uid-investigation-design.md` for the full evidence trail.
./papers/restructure_suggestions.md:1683:codebase with one semantic core serving four consumers — the Float interpreter, tropical/
./papers/weaves.md:122:All four methods walk `Weave._shape` and handle each slot by type.
./papers/f32_flip_slice2_review_A.md:111:  typed and within the four documented regressions: JAX `einsumOnly` refuses `.float32`
./papers/f32c_prototype_notes.md:13:- **One slice, not two** (§9). The binary32 scan path is ~150 changed production lines. The scan
./papers/f32c_prototype_notes.md:169:output of the full build (115 lines: LSpec `✓` lines, `info:` output) is **identical** between
./papers/f32c_prototype_notes.md:276:`Eval/AGENTS.md` Patterns 585 + Pitfalls 815), so no trim is needed. `LeanNCD/Eval/Scan.lean`
./papers/f32c_prototype_notes.md:302:  this slice ADDS: `task` 1 = Q1–Q12, 2 = Q13–Q14, 3 = Q15–Q18. `--check` reports all old-strings
./papers/f32c_prototype_notes.md:381:| f32 scan, nonlinear body (base/step × pointwise/axiswise) | **required**, `destDtype` at 4 sites (C2, C5–C7; Q15–Q18) | **required** `checkPointwiseF32`/`checkAxiswiseF32` inside the block core (Q10, Q11) | forbidden | **required** `runDensePointwise32`/`runDenseAxiswise32` through `runDenseBlockWith` | required | forbidden | forbidden |
./papers/f32c_prototype_notes.md:400:| 4 × `dtype := .f64` nonlinear result slots @ `compileScan` | yes | **fixed** → `destDtype` | C2, C5–C7, Q15–Q18 |
./papers/f32c_prototype_notes.md:421:| 1 | carrier-parametric block + scan checker/worker | `Block.lean` +55/−15, `Scan.lean` +62/−22 | Part A: 19 `#guard`s (new file) | Q1–Q12 (12) + 2–3 binary64 G-cycles before/after | ~50–60 |
./papers/f32c_prototype_notes.md:423:| 3 | source admission (Step 0c deleted, 4 `destDtype` sites), oracle, 6 CompileTest re-points, doc sweep (§6) | `Compile.lean` +4/−27 | Parts C+D: 10 + 3; 6 re-points; optionally the 5 S-B cases in f32 | Q15–Q18 (4) | ~80–100, **two dispatches** (production + fixtures, then docs) via `split-handoff-template.md` |
./papers/f32c_prototype_notes.md:425:Totals: ~150 production lines, 35 new guards, 8 re-points, ~21 cycles. That is the same order as
./papers/f32c_prototype_notes.md:435:shortly before the final mutation rerun: **22.1M cumulative context, 300k peak, 115 turns** for
./papers/future_ideas.md:263:- `theory.md` ([§Lift Operations](theory.md#lift-operations)): four lifts — object-object `[X,P]`, object-morphism `[X,η]`, batch lift `[f,P]`, broadcasted-stride lift — extend a Br object or morphism by an St shape or morphism. They distribute over composition and products: `[f;g, P] = [f,P];[g,P]`.
./papers/future_ideas.md:271:**Expansion.** The four lifts of `theory.md` are four schema morphisms; each comes with its adjoint triple `Σ_φ ⊣ φ* ⊣ Π_φ` *automatically* (acset.md's central guarantee). This means:
./papers/future_ideas.md:510:Concretely at `D = St`: the `D`-colors are axes (integer lengths) and the `D`-morphisms are affine strides; a `C`-color is an array `[dtype, shape]`, whose shape unzips into those axes; a `C`-morphism is a `Broadcasted` op acting on its target axes, reindexed over the degree by strides. Reading *down* the table, swapping `D` swaps all four middle columns in lockstep — what a sub-wire is, how it is reindexed, what a whole wire is, and what an operation does:
./papers/future_ideas.md:799:- Gavranovic et al. — "Categorical Deep Learning", arXiv:2402.15332 (the Para construction).
./leanncd/docs/superpowers/briefs/2026-08-28-task4-oracle-fixtures.md:1:# Brief: author six oracle fixtures for Task 4, and record their observed values
./leanncd/docs/superpowers/briefs/2026-08-28-task4-oracle-fixtures.md:6:You are producing an **implementation seed**: six small scan programs, each exercising one required
./leanncd/docs/superpowers/briefs/2026-08-28-task4-oracle-fixtures.md:24:| `papers/implementation_seeds/nonlinearity_route_fragments/nonlinear_scan_admission/OracleFixtureSeed.lean` | **new** — the six fixtures, their inputs, their structural assertions, and the code that prints each observed value |
./leanncd/docs/superpowers/briefs/2026-08-28-task4-oracle-fixtures.md:34:`papers/nonlinearity_split_pair_direct_lowering.md` §3.6 records six "oracle group" values from an
./leanncd/docs/superpowers/briefs/2026-08-28-task4-oracle-fixtures.md:44:The six *shapes* are sound and remain the coverage Task 4 needs. Your job is to author fresh programs
./docs/superpowers/specs/2026-07-15-e1-traverseaxes-prototype-design.md:3:**Status:** approved 2026-07-15. Feeds `writing-plans`.
./papers/tensorLogicNCDIntegration.md:14:   - [Neural networks in tensor logic](#15-neural-networks-in-tensor-logic)
./papers/archive/NaperianTyping-2026-07-01-draft.md:856:15. **[nLab: Kan Extension](https://ncatlab.org/nlab/show/Kan+extension)** — Left/right Kan extensions, used to formalize reduction and fold operations.
./papers/gnn.md:315:## 15. Limitations and open points
./papers/CDL_connections.md:3:This note relates **Categorical Deep Learning** (**CDL**, arXiv:2402.15332) to
./papers/CDL_connections.md:880:Keep four layers separate:
./papers/f32_outside_paths_options.md:12:  four drivers' Lean side (no Python); with the pre-fix drivers it reports FAIL for all four, on the current
./papers/f32_outside_paths_options.md:24:| Lean-to-Python JAX bridge | **Already handled; one cheap hardening choice.** The drivers spell `f64`, and an f32 affine route exists. They sit outside every build target, so the flip broke four of them silently until Task 6b. |
./papers/f32_outside_paths_options.md:67:| **B. Add a compile-only check (recommended)** | Small, about one Direct-path dispatch: a script or target that runs `lean` on the four drivers (as the runners do, without Python) and is part of the pre-merge checklist. | Catches typing and rejection regressions; does not run JAX. |
./papers/graded_prop.md:355:The closest external framework is the **Categorical Deep Learning** (CDL) programme of Gavranović et al. (arXiv:2402.15332), which proposes the *"universal algebra of monads valued in a 2-category of parametric maps"* as a single theory of all architectures. Both CDL and the present framework are **functorial-semantics** accounts — *architecture = algebraic theory, model = structure-preserving map* — and both make **Para** the carrier of learnability. They differ in which fragment of categorical algebra they use and in what each additionally formalizes.
./papers/graded_prop.md:402:- Gavranović, Lessard, Dudzik, von Glehn, Araújo, Veličković, "Position: Categorical Deep Learning is an Algebraic Theory of All Architectures", arXiv:2402.15332 (the Para construction; monad-algebra equivariance; recursion as lax algebras for parametric monads). See [§11](#11-relation-to-categorical-deep-learning).
./papers/f32d_evalplan.md:51:| a source `fill` ≠ the algebra's identity, or one that rounds to `±∞` in binary32 | `scatterFillOrFail`: the `.f32` arm also requires `(Float32.ofInt fill).isFinite` (15(c) refusals) | policy |
./papers/f32d_evalplan.md:179:or overflowing `fill` (refused from binary32 source: 15(c) refusals; 1.5 pins `-∞` directly). It is
./papers/f32d_evalplan.md:193:| f32 top-level scatter (sum-product, fill 0) | **required** (3.1 15(c) flip; oracle O1–O5) | **required** `checkScatterF32` (2.1, 1.1); `checkScatter` on an f32 table `dtypeNotAdmitted 1 .f32` (ScatterCheckTest fixture 9, unchanged) | **forbidden** — `runDenseScatter` guard first (1.7); `runDensePlan` guard first (2.3) | **required** `runDenseScatter32` (1.1–1.8), `runDensePlan32` arm (2.1, 2.2) | **required**, unchanged cores at `Float32` (oracle) | **forbidden**, plan-level gate first (ExecutableTest fixtures 23/24, unchanged) | **forbidden**, permanently |
./papers/f32d_evalplan.md:197:| tropical / non-zero / overflowing fill, f32 | **forbidden** from source (`scatterFillOrFail`; 15(c) refusals, P3-3, P3-4) | **required**, programmatic: fill must equal `reduceId` (1.3) | — | **required** `ops.decodeConst` (1.5) | — | — | — |
./papers/f32d_evalplan.md:200:| f32 scan-local scatter | **forbidden** `"{nm}: f32 scan"` (15(d), 3.2) | **forbidden** `f32UnsupportedStep i .scan` (2.x, S2) | **(c)** `runDenseScan` Float-only — F32-C | none | none | **forbidden** | **forbidden** |
./papers/f32d_evalplan.md:210:| `.f32 _ => false` @ `scatterFillOrFail` | yes | **fixed** → native `Float32.ofInt` bits, finite only | 15(c), P3-1, P3-3, P3-4 |
./papers/f32d_evalplan.md:233:| 3 | source admission (`Compile.lean`), the oracle, CompileTest re-points, docs | 4 re-point groups + 4 new guards (the two 15(c) fill refusals, the two-scan 2.9 pin) + 5 oracle cases | S1, S3, C1, C1b + P3-1..P3-4 = 8 | ~80–100 | **two** (phase 1 production + fixtures green; phase 2 cycles + docs), `split-handoff-template.md` |
./papers/f32d_evalplan.md:444:All six PASS. P1-4 (fill always `ops.zero`) is caught by the BINARY64 `ScatterDenseTest` max-fill
./papers/f32d_evalplan.md:670:(a) Fixture 15(c): replace its one `#guard causeOf … "Y: f32 scatter"` with the two guards below
./papers/f32d_evalplan.md:673:<!-- block:t3-15c -->
./papers/f32d_evalplan.md:688:<!-- block:t3-15c-refuse -->
./papers/f32d_evalplan.md:690:-- 15(c) refusals. A fill the algebra's identity does not equal (`1` on sum-product) is refused...
./papers/semantic_payload_audit.md:70:| **H** (NEW 2026-07-30 — probed) | 🔴 **OPEN, unfixed** | The size carried by an axis **kind** (`axis l : ℕ[3]`) is **write-only**: it is parsed into `AxisKind.nat (some (.lit 3))` (`Elab.lean:39`) and never read. Probe (three programs differing only in the axis declaration): `axis l : ℕ = 3` → `OK`; **`axis l : ℕ[3]` → the same "unsized iteration axis" error as declaring nothing at all**. So the language has a spelling that *looks* like an extent pin and pins nothing. See finding **H** below. |
./papers/semantic_payload_audit.md:119:1. `compile_wellFormed` (`:379-382`) — every compiled program is `WellFormed`: four
./papers/semantic_payload_audit.md:193:(`Ast.lean:7-10`) and `Elab.lean:37,39` populated that `SizeExpr` from the `ℝ[…]`/`ℕ[…]` kind
./papers/semantic_payload_audit.md:237:— `⟨"l", 202, .nat (some (.lit L))⟩` (dead) alongside `.axis l (some L)` (live) — at all 15 sites
./papers/semantic_payload_audit.md:243:*consumer* was never written. That is also why 15 oracle sites populate the kind size: the authors
./papers/semantic_payload_audit.md:252:Deleting is *mechanically* safe — the cost is exactly the four `run_cmd` blocks at
./leanncd/docs/superpowers/briefs/2026-08-29-task5-stale-doc-audit-RESULTS.md:109:../papers/NaperianTyping.md:39:- temporal scan extraction (`finalizeScans`, `evalScan`),
./leanncd/docs/superpowers/briefs/2026-08-29-task5-stale-doc-audit-RESULTS.md:195:| **todo.md** (SUPERSEDED-WITH-BANNER) | L5-10 banner: "**Permanently archived — do not execute this section.** Superseded by `nonlinearity_split_pair_direct_lowering.md`" over the sole `## Fork…` section (L3), which spans all subsections through L154 | archival redirect | **STILL TRUE (banner correct)** | Banner points to the canonical plan; every `splitNonlins`/`%nl`/three-step passage in the file (L16, L23-29, L44-52, L80, L127, L145) is inside this archived section → historical, not flagged. |
./leanncd/docs/superpowers/briefs/2026-08-29-task5-stale-doc-audit-RESULTS.md:196:| **nonlinearity-in-scans-design.md** (SUPERSEDED-WITH-BANNER) | L3-9 banner: "**Permanently archived — do not execute or revise…** superseded by `…direct_lowering.md`. The canonical design has one logical unsplit `ScheduledProgram`…" | archival redirect + correct canonical summary | **STILL TRUE (banner correct)** | Banner redirects correctly; Status L11-15 "follow only the replacement plan." Historical three-step/pair-recognition content not flagged. |
./leanncd/docs/superpowers/briefs/2026-08-29-task5-stale-doc-audit-RESULTS.md:265:  is a wave-progress ledger and hazard notes. L1560-1562 ("`Compile.lean`'s pipeline: 9 phases → 8")
./leanncd/docs/superpowers/briefs/2026-08-29-task5-stale-doc-audit-RESULTS.md:285:  `docs/superpowers/specs/2026-07-15-…`, `…2026-07-30-payload-carry-design-decisions.md`) and
./docs/superpowers/specs/2026-07-16-e1-traverseaxes-lhsslot-design.md:88:**Collecting direction:** four arms close by plain `rfl` (a single `g`/`⟨[a]⟩` application, no
./docs/superpowers/specs/2026-07-16-e1-traverseaxes-lhsslot-design.md:92:**Remap direction:** the same four arms close by plain `rfl`; `.affine` delegates directly to
./papers/jax_evalplan_architecture.md:57:two axes of extent two, so no tensor in it exceeds four elements, its 3,832 programs collapse to 45
./papers/jax_evalplan_architecture.md:132:The present bridge has four strengths worth preserving: it starts from checked semantics; separates
./papers/jax_evalplan_architecture.md:136:The design response uses four terms throughout the paper. A **portable artifact** is the versioned,
./papers/jax_evalplan_architecture.md:197:This decision leaves four questions. The rest of Part I answers three of them in order: what every
./papers/jax_evalplan_architecture.md:200:([Section 4](#4-jax-and-pytorch-executable-architecture)). The fourth — how strongly Lean should
./papers/jax_evalplan_architecture.md:314:transcendental primitive call, which four of the eight functions never make:
./papers/jax_evalplan_architecture.md:324:| `gelu` | `x · 0.5 · (1 + tanh(√(2/π) · (x + 0.044715x³)))` — the tanh approximation, chosen because `Float.erf` isn't available in this Lean toolchain (per `Nonlin.lean`'s own rationale) and because it matches JAX's `jax.nn.gelu` default; PyTorch's default is the exact erf form and must pass `approximate='tanh'` to match | 4 | One `tanh` call, same tier as plain `tanh`, doubled only because `1 + tanh(z)` risks cancellation for very negative `x` — an allowance for a named mechanism, not a separate derivation |
./papers/jax_evalplan_architecture.md:345:nonlinear support, re-measure against real output, turn each of the four still-open bounds into an
./papers/jax_evalplan_architecture.md:926:about 173 ms per case at iteration domains of two or four coordinates, which is per-case tracing and
./papers/jax_evalplan_architecture.md:935:At corpus scale that product is two or four, which is exactly why the tables are a minority of the
./papers/jax_evalplan_architecture.md:943:maximum of four), on the same JAX 0.10.0 CPU platform as the table above:
./papers/jax_evalplan_architecture.md:952:| Native `jnp.einsum`, first call (eager) | 15 ms |
./papers/jax_evalplan_architecture.md:979:- the largest tensor anywhere in the corpus has four elements, so the corpus carries no evidence
./papers/jax_evalplan_architecture.md:1067:     Restating a previous run's output does not clear this gate. Because all four runner drivers
./papers/jax_evalplan_architecture.md:1077:     corpus bounds evidence to tensors of at most four elements, so it cannot witness scale.
./papers/jax_evalplan_architecture.md:1328:The preceding sections describe six threads that are easy to assume are strictly ordered when they
./papers/jax_evalplan_architecture.md:1337:reading order. As of thread 4's Dense-only close (2026-08-21), all six threads are settled; the
./papers/jax_evalplan_architecture.md:1384:(`EvalPlan.lean:39` and `:45`) are exhaustive derived accessors over the closed step sum, and
./papers/jax_evalplan_architecture.md:1401:| 4 | Implement nonlinearity: new `PlanStep` pointwise/axiswise cases, Dense/JAX interpreter support | **Done** — Dense-only (2026-08-21) | Thread 1 (specified). The former dependency on thread 3 is **discharged**: `PlanStep` exists (`RawStep.lean`) as of F3. | `PlanStep` now has `.pointwise`/`.axiswise` (thread 4), checked and executed by Dense, reachable from top-level source syntax, serving as the reference semantics a future JAX lowering must match. *Corrected 2026-09-04: scan-block nonlinearity is no longer rejected — Thread 4's own Task 4 admitted `.pointwise`/`.axiswise` inside `base`/`recur` blocks (`checkNonlinScanBlock`, `Compile.lean`), which is what moved the generated scan corpus's four `unsupportedNonlin` cases into the accepted column.* **PyTorch**: no client has asked for it, so PyTorch interpreter support is deferred with no scheduled thread, not merely sequenced later — mirrors thread 5's own PyTorch deferral above. **JAX**: *re-measured 2026-09-04 by running `lake build JaxExperiment` (green) — the `PlanStep`/`CheckedPlanStepEvidence` breakage this row recorded has been repaired.* What remains is the lowering itself: `EvalPlanCodegen.lean` rejects a `.pointwise`/`.axiswise`/`.scan` step with a located `unsupportedStep`, so adding that lowering on top of the backend-neutral checked types (`RawPointwisePlan`/`RawAxiswisePlan`/`CheckedPointwisePlan`/`CheckedAxiswisePlan`) is the natural next slice, not indefinitely deferred like PyTorch. |
./papers/jax_evalplan_architecture.md:2052:   Dense backend executes all five of those rejected semantics correctly (six, counting the
./papers/jax_evalplan_architecture.md:2178:  [A Formally Verified Compiler Back-end](https://doi.org/10.1145/1538788.1538814)
./papers/backend_missing_functionality.md:331:  four clauses — destination dtype admission, algebra table (`admittedAlgebrasForF32`), source dtype
./leanncd/docs/superpowers/briefs/2026-08-28-task4-oracle-freenorm.md:41:- `buildGeom` (around line 151): the `| some sl => .error s!"...dimension {p} is neither advancing
./papers/jax_signature_evidence_ownership_spike_results.md:14:  (user 3.75 s, sys 5.15 s).
./papers/jax_signature_evidence_ownership_spike_results.md:241:four rotations are the four real contextual dominators, not four exemplar APIs: their named errors
./papers/jax_signature_evidence_ownership_spike_results.md:318:| B4e | Stop re-running `checkAssign` under standalone supplied context | All four mismatched-shape context guards fail: `lowerAssign`, standalone affine render, both candidate conversions | All four pass after restore |
./papers/jax_signature_evidence_ownership_spike_results.md:327:| Code quality | Standalone supplied tables checked dtype support but were not re-run through structural `checkAssign` | Fixed in `063436d`; `invalidSignatureContext` is located and four mismatched-shape guards fail/restore/pass under B4e |
./papers/jax_signature_evidence_ownership_spike_results.md:391:the baseline direct corpus failure had five (not four) bad projections, and the pre-existing einsum
./papers/f32_flip_slice2_record.md:15:  branch `f32-flip-slice2-proto`, tip `0e1153a` before this commit); the patch names are from
./papers/f32_flip_slice2_record.md:39:- Production diff vs main: the four flips plus docstrings/comments in `DSL/Ast.lean`, `Eval/Plan/Signature.lean`,
./papers/f32_flip_slice2_record.md:43:  `Eval.Plan.SignatureTest` FAILS on six pins (`dtypeOfDecl` / `storageConstraintOfDecl` for `.tensor` and
./papers/f32_flip_slice2_record.md:48:  CompileTest 15 failures, ScanCompileTest 8, DefaultF32Test 12 of 12 `undeclared` variants; `storageConstraintOfName?`
./papers/f32_flip_slice2_record.md:60:  `papers/f32_flip_slice2_review_A.md` and `_B.md`): no Critical, no Important, three Minor (A) + six Minor (B).
./papers/grading_aware_reverse_differentiation.md:24:   Reverse differentiation, the four grading-aware distinctions, and the central lift law.
./leanncd/docs/superpowers/briefs/2026-08-29-task5-stale-doc-audit.md:35:describe a pipeline four slices out of date. The sweep is the bulk of that task, and its risk is
./leanncd/docs/superpowers/briefs/2026-08-29-task5-stale-doc-audit.md:41:*should* say requires knowing what four slices changed, and getting that wrong ships silently.
./leanncd/docs/superpowers/briefs/2026-08-29-task5-stale-doc-audit.md:54:- **Task 2** — a durable 145-case route corpus and 19-case payload matrix; four "class-6 door"
./leanncd/docs/superpowers/briefs/2026-08-29-task5-stale-doc-audit.md:92:For **every document in §3.7's Files list** (~24, including the four `docs/superpowers/` specs and
./leanncd/LeanNCD/DSL/AGENTS.md:35:- `Structural.lean` → `Eval.Contract` — a spike exception, solely so `Stmt.uids_eq` and six `specsX_map_uid_eq` lemmas can state their RHS against `Eval.Contract`'s real UID collectors. Not a precedent; reverting it means deleting the import with those lemmas.
./leanncd/LeanNCD/DSL/AGENTS.md:91:- **Physicalization width is tied by proof only in one direction.** `physicalizeOne_length_eq_fragmentWidth` holds on every class `physicalizeOne` accepts, so emitting the wrong number of statements fails to compile. It is conditional on `.ok`, so it is vacuous on reject classes: relaxing class 6 to `.copy` in `fragmentClass` while `physicalizeOne` still throws typechecks. The guard for that direction is `test/DSL/Pipeline/RouteWeaveTest.lean` fixtures 13 (`.scatter` door), 14 (`.assign` door), 15 (the `[.free a, .freeNorm a]` diagonal), 16 (iteration slot).
./leanncd/LeanNCD/DSL/AGENTS.md:108:- **The binary32 default has four documented regressions for UNANNOTATED programs (spell `f64`):** (1) no `einsumOnly` JAX evidence (`einsumStorageAdmitted` is binary64-only); (2) `runPreparedDense` and the Float adapters refuse the now-`.float32` plan with `storageKindMismatch`; (3) Float `InputSignature`s (`ofDenseInputs`, `ofDenseInputsForDecls`) get a typed rejection (`dtypeMismatch`/`storageKindMismatch`) — use `ofDenseInputs32ForDecls` + `runPreparedDense32`; (4) the reference evaluator refuses them (`unsupportedDtype`, an existing non-goal now user-facing).
./papers/f32_jax_evalplan.md:17:- `f32_jax_mutations_post.json`: 15 Lean cycles J1–J15, all `"task": "1"`, all PASS on the
./papers/f32_jax_evalplan.md:18:  Task-1-only tree. `mutation-manifest.sh --check` reports `manifest OK: 15 entries, 15 selected,
./papers/f32_jax_evalplan.md:117:| 1 | gates 1 and 2 storage-keyed, gate 3 removed, `orderedReference32` + `orderedReferenceFor` + keyed aggregation, every Lean fixture | 6 files, +404/−138 | `ExecutableTest`: 9 new `#guard` lines (4 aggregate, 5 policy/kernel), fixtures 23/24 and the "Task 5" block re-pointed, 12 `aggregateEvidenceList` call sites re-threaded; `EvalPlanCodegen`: 7 new `#guard` lines, fixtures 22–25 re-pointed | **15** Lean (J1–J15), ~45 min wall-clock |
./papers/f32_jax_evalplan.md:138:- **Storage-keyed, with no wildcard arm**, in all four new functions: `orderedReferenceFor`,
./papers/f32_jax_evalplan.md:161:  Boolean-destination fixture, and J15 kills the binary64 Iverson donor, so the binary64 refusal
./papers/f32_jax_evalplan.md:171:- **Line-anchored expects:** J1–J15's `expect` strings cite `ExecutableTest.lean:<line>` and
./papers/f32_jax_evalplan.md:174:  1,991, `lake build JaxExperiment Eval.Plan.ExecutableTest` was green, and J12/J15 were re-run and
./papers/f32_jax_evalplan.md:286:expects. It has four routes:
./papers/f32_jax_evalplan.md:362:| Iverson factor | F | F | F storage (`f32IversonPrepared?`) | **F `iversonFactor 0 0 1`** at `generateNamed`, `lowerCheckPlanToCandidate` (J15; dtype-blind, so the f64 donor dies too) |
./papers/f32_jax_evalplan.md:386:| rendered `affineReference` plan DATA (`generateNamed`/`renderAffinePlanNamed` JSON: `dest`, `output_shape`, `terms`) carries no storage-kind tag | yes — this is new: before this slice no f32 plan could reach rendering at all | **(c), not fixed**: `run_named`/`run_assign`/`run_plan_positional`'s `dtype` parameter defaults to `jnp.float64`, and `_require_dtype` only checks that INPUTS match the CALLER's requested `dtype`, never the plan's own declared storage kind. Every caller in this slice's own harness (`EvalPlanAffineSmoke32.lean`'s four routes) passes `dtype=jnp.float32` explicitly for an f32 plan, so no evidence-bearing path is affected — `ExecutionEvidence` is a Lean-side claim, never re-derived from the Python side. A caller OUTSIDE this harness that forgets the `dtype=` argument on an f32 plan's data gets a silent binary64 run, no error. Plan-review finding (§9); not fixed here (adding a storage-kind tag to the rendered data plus a runtime check would be new machinery for a misuse no existing caller commits) | — (caller-convention gap, not evidence-bearing) |
./papers/f32_jax_evalplan.md:404:**Dispatch:** Sonnet 5, medium effort. The work is apply, verify, four line-preserving prose edits,
./papers/f32_jax_evalplan.md:436:Expect 15/15 PASS; keep the `--out` table for the record (created in step 5). A FAIL with "expected
./papers/f32_jax_evalplan.md:441:experiments/jax_bridge/EvalPlanCodegen.lean` must still be 1991.** All four were applied, built,
./papers/f32_jax_evalplan.md:526:`mutation-manifest.sh leanncd papers/f32_jax_mutations_post.json J12 J15` should give 2/2 PASS.
./papers/f32_jax_evalplan.md:581:wrong: `run-evalplan-affine32.sh`'s header says "the six spike fixtures plus every STRIDE-th
./papers/f32_jax_evalplan.md:719:  disabled for float32), the four routes, the stride-1/1 measurements (the RECORD's values from
./papers/f32_jax_evalplan.md:818:   corpus pass or the ~45-minute manifest — all four are plan-text or mutation-manifest edits, not
./papers/f32_jax_evalplan.md:826:   once more after phase 2's `Executable.lean` docstring edit: 15/15 PASS, table in the record.
./papers/f32_jax_evalplan.md:835:7. The caveat is landed in all four places (phase 2 step 3), and the step-5 greps return only
./papers/f32_jax_evalplan.md:869:  verifying its own prose edits (the build, J12/J15, `git apply --check`, the manifest `--check`),
./papers/max_min_aggregation.md:139:   template 5 already emits four `max`/`min` scan cases. They currently land as `unsupportedAgg`
./papers/max_min_aggregation.md:177:The four template-5 cases (L∈{2,3} × {max,min}) are exactly this shape — a tropical reduction over a
./papers/max_min_aggregation.md:288:**(a) `DifferentialTest.lean` — flip the corpus gate (the load-bearing check).** Template 5's four
./papers/max_min_aggregation.md:294:- Comment block above it: state that template 5's four max/min cases now compile and match
./papers/max_min_aggregation.md:309:**(c) `ScanCompileTest.lean` — the four `badAgg` scan rejections now accept.** The four
./papers/max_min_aggregation.md:314:useful constructor); only the four assertions change. Update the section prose noting `max`/`min` are
./papers/max_min_aggregation.md:396:  the six obsolete `#guard`s neutralised, `lake build Eval.Plan.DifferentialTest` printed:
./papers/max_min_aggregation.md:399:  short-circuits on the first parity disagreement, `accepted=17` means all four newly-admitted
./papers/max_min_aggregation.md:401:- **The six now-obsolete assertions were confirmed to be exactly the expected ones**:
./papers/max_min_aggregation.md:402:  `CompileTest.lean` lines 150/158 (top-level max/min preflight rejections) and
./docs/superpowers/specs/2026-08-21-nonlinearity-in-scans-design.md:266:(`Error.lean:146-151`). The proposed wrapper would have duplicated the statement-name locator for
./docs/superpowers/specs/2026-08-21-nonlinearity-in-scans-design.md:411:Net: this design's real leverage among the four is on **scatter's outer bookkeeping** — and even
./docs/superpowers/specs/2026-08-21-nonlinearity-in-scans-design.md:454:Expanded from the original draft's six-fixture sketch, which covered only smoke tests:
./papers/f32_jax_prototype_notes.md:36:- Every previously uncovered f32 cell now has a dedicated fixture (§5). 15 Lean + 6 Python mutation
./papers/f32_jax_prototype_notes.md:221:  ~15 lines in the driver).
./papers/f32_jax_prototype_notes.md:272:| Iverson factor | F `iversonFactor` | F same | F → F storage (`f32IversonPrepared?`) | F → **F `iversonFactor 0 0 1`** at `generateNamed` and `lowerCheckPlanToCandidate` (`f32IversonPrepared?`, J15 — dtype-blind check, so the f64 donor dies too) |
./papers/f32_jax_prototype_notes.md:288:`leanncd/scripts/mutation-manifest.sh`: **15/15 PASS** (mutated build fails, file restored
./papers/f32_jax_prototype_notes.md:291:re-observe them. Final verification run on the Task-1-only tree (`git apply task1.patch` onto base): all 15 PASS with these expects, manifest exit 0.
./papers/f32_jax_prototype_notes.md:296:| J2 | `jaxRealCarrier .float32 ↦ (.f64, admittedAlgebra)` | `ExecutableTest.lean:1806:0` (support), `:1815:0` (`orderedReference32` kernel) |
./papers/f32_jax_prototype_notes.md:300:| J6 | affine label hardcoded `.orderedReference64` | `ExecutableTest.lean:1815:0` |
./papers/f32_jax_prototype_notes.md:309:| J15 | `renderAffineTerm`'s Iverson `throw` → `pure ()` | `EvalPlanCodegen.lean:1137:0` (f64 donor), `:1951:0` (`f32IversonPrepared?`) |
./papers/f32_jax_prototype_notes.md:332:`git apply task1.patch` (build + full 15-cycle manifest on that tree) and `git apply task2.patch`
./papers/f32_jax_prototype_notes.md:337:| `task1.patch` | `LeanNCD/Eval/Plan/Executable.lean`, `LeanNCD/Eval/Plan/EvalPlan.lean` (doc), `LeanNCD/Eval/Plan/AGENTS.md` (Contracts bullet), `test/Eval/Plan/ExecutableTest.lean`, `experiments/jax_bridge/EvalPlanCodegen.lean`, `spikes/AxisABoundaryProbe.lean` | `lake build` **8,673**; `lake build JaxExperiment` **8,514** (both equal to base — no new modules) | `lake env lean spikes/AxisABoundaryProbe.lean`: 0 errors; manifest J1–J15 (§6) |
./papers/f32_jax_prototype_notes.md:355:  fixture blocks (22–25) + 4 new cell blocks (bool source, Iverson, context, zero-pad). **15 Lean
./papers/f32_jax_prototype_notes.md:356:  mutation cycles (J1–J15), ~45 min of manifest wall-clock.**
./papers/f32_jax_prototype_notes.md:401:mutation manifest runs ~3 min per `ExecutableTest` cycle (~45 min for all 15), the f64 corpus
./papers/f32d_record.md:81:| `sqrt(X)+Y+Z`, `X=[2^48,4,9]`, `Y=[1,1,1]`, `Z=[-2^24,0.5,0.25]` | f32 `[0, 0, 1080033280, 0, 1082654720, 0]`; f64 `[1.0, 0, 3.5, 0, 4.25, 0]` = bits `[4607182418800017408, 0, 4615063718147915776, 0, 4616471093031469056, 0]`; narrowed lane 0 `1065353216` |
./papers/f32d_record.md:88:`9 = 1091567616`, `1 = 1065353216`, `-2^24 = 3414163456`, `0.5 = 1056964608`, `0.25 = 1048576000`.
./papers/f32d_record.md:140:`GraphCheckTest` fixture 16's scan guard; S1/S3: `CompileTest` 15(d), and S3's FW2a message, whose
./papers/f32d_record.md:167:| P3-1 `scatterFillOrFail` `.f32 _ => false` | 15(c) both guards; oracle `O1 … prepare failed` |
./papers/f32d_record.md:168:| P3-2 Step 0c refuses scatter again | 15(c) both, 2.9 forward, FW2 relu-alone, FW2a (`got capability … "Y: f32 scatter"`), oracle O1 |
./papers/f32d_record.md:185:- Refusal-pinning siblings: the controller named CompileTest 15(c), FW2/FW2a, GraphCheckTest
./papers/f32d_record.md:222:P3-4 (finiteness dropped) fails the overflow guard only; P3-1 fails 15(c)'s two guards and the oracle
./papers/f32d_record.md:223:(`O1 … prepare failed`); P3-2 fails 15(c) ×2, both refusals, 2.9 forward, FW2 relu-alone, FW2a
./papers/f32d_record.md:231:`W = [1266683904, 1091567616, 1048576000]` (observed from the F32-A assignment) → `[1.0, 0, 10.5, 0,
./papers/f32d_record.md:299:plan than the prototype (15(c)'s second guard, the oracle's pinned bits, plan §8); a re-pointed order
./papers/f32d_record.md:369:| f32 top-level scatter (sum-product, fill 0) | **required** (`f32CapabilityCheck` admits `.plain` unconditionally; 15(c) flip; oracle O1–O5) | **required** `checkScatterF32` over `checkScatterCore .float32`; `checkScatter` on an f32 table `dtypeNotAdmitted 1 .f32` (ScatterCheckTest fixture 9, unchanged) | **forbidden** — `runDenseScatter` guard first; `runDensePlan` guard first | **required** `runDenseScatter32` (guard first, then `runDenseScatterWith float32Ops`), `runDensePlan32`'s `.scatter` arm | **required**, unchanged cores at `Float32` (oracle) | **forbidden**, plan-level gate first (ExecutableTest fixtures 23/24, unchanged) | **forbidden**, permanently |
./papers/f32d_record.md:373:| tropical / non-zero / overflowing fill, f32 | **forbidden** from source (`scatterFillOrFail`'s `.f32` arm; 15(c) refusals `f32ScatterFill1Prog`/`f32ScatterOverflowFillProg`) | **required**, programmatic: fill must equal `reduceId` (`checkScatterCore`) | — | **required** `ops.decodeConst` (in `runDenseScatterWith`) | — | — | — |
./papers/f32d_record.md:386:| `.f32 _ => false` @ `scatterFillOrFail` | yes | **fixed** → native `Float32.ofInt` bits, finite only (Task 3 step 2) | 15(c), P3-1, P3-3, P3-4 |
./papers/scatter_affine_lhs_writes.md:18:Everything asserted here was measured against the tree, not reasoned about. **§0's four
./papers/scatter_affine_lhs_writes.md:35:> kind."* It reaches that by reading the audit's R15/R16 × column-5 cells, marked **`b`**, as a
./papers/scatter_affine_lhs_writes.md:169:is no `fill`/`reduce` syntax. The other four policies are implemented and tested but unreachable.
./papers/scatter_affine_lhs_writes.md:176:Six fields, and all six are needed:
./papers/scatter_affine_lhs_writes.md:204:15,384 total lines, per-site payloads `[5120, 5120, 5120]`, same timeout site. The 1,310,720
./papers/scatter_affine_lhs_writes.md:272:Measured against the §2.2 design (one algebra, six fields), iterating to green on every target.
./papers/scatter_affine_lhs_writes.md:296:`git diff --stat`: 11 files, 39 insertions, 12 deletions.
./papers/scatter_affine_lhs_writes.md:307:- **`Compile.lean` is SEVEN rejections, not six, and of two kinds** — 3 reject `Stmt.scatter` by
./papers/scatter_affine_lhs_writes.md:312:- **`spikes/` is a fourth ad-hoc target nobody was tracking.** Six files carry
./papers/scatter_affine_lhs_writes.md:336:six files carrying `Run with: lake env lean spikes/…` headers. Each contributes a real site
./papers/scatter_affine_lhs_writes.md:338:**four** things to compile, not two. The audit's tracked spikes are supposed to be reproducible
./papers/scatter_affine_lhs_writes.md:342:rejects four things the checked backend executes (Boolean destination, Boolean source, tropical
./papers/scatter_affine_lhs_writes.md:358:- The constructor-enumeration count is **6 prose sites + 1 AGENTS.md node**, not the "four
./papers/scatter_affine_lhs_writes.md:424:Fail-loud today, a compile error if a sixth policy is added, and landing `sum` later is replacing
./papers/scatter_affine_lhs_writes.md:483:  (**8513**), the ad-hoc drivers under `experiments/jax_bridge/` via `lake env lean`, and the six
./papers/scatter_affine_lhs_writes.md:497:  This slice creates **three fresh temptations to write a fourth copy**, and each looks locally
./papers/scatter_affine_lhs_writes.md:566:  appearing in that grep is a fourth copy.
./papers/scatter_affine_lhs_writes.md:569:- **Do not add anything to `enumPrograms`** (§2.4), and **do not touch the six frozen classifier
./papers/scatter_affine_lhs_writes.md:592:`ScatterPlan` in `Eval/Plan/Kernel.lean` with the six fields of §2.2 and **exactly one**
./papers/scatter_affine_lhs_writes.md:689:`leanncd/LeanNCD/Eval/AGENTS.md`, the six prose sites enumerating the constructor surface, and
./papers/scatter_affine_lhs_writes.md:731:and now measured at **six prose sites plus one node**, not the "four docstrings plus one" that
./papers/scatter_affine_lhs_writes.md:893:The nine existing `WriteRowKind` exhaustiveness sites remain compile-time tripwires: six in
./papers/f32c_record.md:18:- `CompileTest` fixture 15(d) (`f32ScanProg`): `causeOf … == none` (admitted).
./papers/f32c_record.md:41:Step 0b ahead of Step A. The `CompileTest` prose around these fixtures (Fixture 15's heading, the
./papers/f32c_record.md:48:  plan's text (Step 0c DELETED by F32-C, all four contexts producer-less); the lead-in "Both
./papers/f32c_record.md:69:Every door the tables name was located with `rg` and read. Doors opened: `compileScan`'s four
./papers/f32c_record.md:111:| f32 scan, nonlinear body | **required**, `destDtype` ×4 (C2, C5–C7; Q15–Q18) | **required** `checkPointwiseF32`/`checkAxiswiseF32` (Q10, Q11) | forbidden | **required** (via `runDenseBlockWith`) | required | forbidden | forbidden |
./papers/f32c_record.md:131:| 4 × `dtype := .f64` nonlinear result slots @ `compileScan` | yes | **fixed** → `destDtype` | C2, C5–C7; Q15–Q18 |
./papers/f32c_record.md:137:### Mutation cycles Q15–Q18 (`mutation-manifest.sh --task 3`)
./papers/f32c_record.md:144:| Q15 (base pointwise result slot back to .f64) | yes | yes | yes | PASS |
./papers/f32c_record.md:149:4/4 cycles passed. Mutated-build failures (`ScanDense32Test` guards): Q15 → C5's base-relu guard,
./papers/f32c_record.md:193:| Q15 (base pointwise result slot back to .f64) | yes | yes | yes | PASS |
./papers/f32c_record.md:221:All six greps re-run after every fix, from the worktree root:
./papers/f32c_record.md:242:- **two real stale hits found and fixed** beyond the six carried-forward findings (not pre-enumerated
./papers/f32c_record.md:266:Final re-run (post-fix) of all six greps: **no hit beyond the allowed/accurate set above.**
./papers/f32c_record.md:334:- **Grep sweep: clean** — six greps re-run post-fix, every hit triaged, no stale claim remains (Step
./papers/f32c_record.md:370:the kind tracks the scratch's real dtype, not "bool-only ⇒ auto-f32"; E3a–d: four negative controls —
./papers/f32c_record.md:394:**Scoped re-review verdict:** all four fix-wave findings ADDRESSED, no new Critical/Important
./papers/f32c_record.md:405:## Rule 6 token accounting (measured, `token-report.py 3e15be7b-6194-4fb4-acbf-4f8d8e11d1c9`)
./papers/f32c_record.md:410:- Task 3 phase 2's implementer dispatch ran 154 turns / 27.2M ctx (peak 280k), well past the ~60-turn
./papers/f32c_record.md:411:  / ~250k-peak per-dispatch guideline — it combined a full 20-cycle manifest re-run, a six-pattern doc
./papers/f32c_record.md:412:  grep across the whole repo, four paper edits, and three carried-forward findings in one dispatch.
./papers/f32c_record.md:426:70t/8.0M/172k; Task 3 phase 1 review 10t/0.8M/103k; Task 3 phase 2 implement 154t/27.2M/280k; Task 3
./papers/f32c_record.md:427:phase 2 review 19t/1.8M/116k; final whole-branch review 36t/5.1M/207k; fix-wave attempt 42t/4.6M/159k
./papers/f32c_record.md:429:152t/31.3M/341k.
./papers/tensor_networks.md:45:- **PEPS** (Projected Entangled Pair States): a 2D lattice; each site tensor has a physical leg and four bonds. Exact contraction is `#P`-hard in general — the cost question is central.
./papers/tensor_networks.md:366:This separates four claims that should not be conflated:
./papers/unary_factor_functions.md:364:**two** (one base-side, one recur-side), not four — unlike max/min, whose `badAgg` had `max`×`min`.
./papers/unary_factor_functions.md:411:**(d) `DifferentialTest.lean` — end-to-end parity fixtures (the load-bearing check).** Add four
./papers/unary_factor_functions.md:495:approving the lowering (Task 1), and reject a doc claim (Task 3) independently of both. Task 1's six
./papers/unary_factor_functions.md:498:share one build cycle), so they are one task, not six.
./papers/unary_factor_functions.md:546:producer-less; `lake build Tests` is fully green; the six Dense fixtures and three differential
./docs/superpowers/specs/2026-07-30-payload-carry-design-decisions.md:98:and is a project, not a fix. Note `restructure_suggestions.md:155-158` holds a counter-position
./docs/superpowers/specs/2026-07-30-payload-carry-design-decisions.md:103:These are the four places a naive implementation would fork a parallel path. **Each has a reuse
./docs/superpowers/specs/2026-07-30-payload-carry-design-decisions.md:145:`brOpOfIdx n := (brOpOfIdx? n).getD .contract`. Two independent 15-arm tables would be the parallel
./docs/superpowers/specs/2026-07-30-payload-carry-design-decisions.md:157:  `BrBaseP` derives `DecidableEq, Repr, Lean.ToExpr, Inhabited` and `TargetTest.lean:13,15`
./docs/superpowers/specs/2026-07-30-payload-carry-design-decisions.md:173:- **Spike 6a's claim HOLDS for RouteSpec, NOT for AcsetCodec.** The six field projections are
./docs/superpowers/specs/2026-07-30-payload-carry-design-decisions.md:185:- **A free computational tripwire:** `test/Bridge/AcsetCodecTest.lean:15-48` has 5 `#guard`s of
./docs/superpowers/specs/2026-07-30-payload-carry-design-decisions.md:197:  tower has sorries (`Base/Br.lean:307`, `Core/Weave.lean:32`, `Instances/StBr.lean:15-21`) so plain
./leanncd/LeanNCD/Eval/AGENTS.md:45:| `DenseTensorOf α { shape; data }` (`Tensor.lean`) | every file, via aliases | invariant `data.size = ∏ shape`, unchecked — breaking it silently breaks `get!`/`set!`/`ofFn`. `DenseTensor := DenseTensorOf Float`, `DenseTensor32 := DenseTensorOf Float32`; only the shell is generic, helpers stay binary64. `DenseTensor.mk`/`.shape`/`.data` are explicit compatibility shims (an alias synthesizes no generated names) pinned by `Eval.TensorTest` fixture 15 |
./leanncd/LeanNCD/Eval/AGENTS.md:65:- **`Combine`'s factor-product fold starts from `unit1`, never a literal `1.0`.** `unit1` (identity of one term's factor product) is distinct from `unit0` (identity of the term-aggregation fold). All four current values have `unit1 = 1.0`, but not all use ordinary multiplication — `Combine.bool` is `⟨min, max, 0.0, 1.0⟩` — so thread the field; don't assume it.
./papers/NaperianTypingIntegrationPlan.md:848:Track A landed on `main` (merge `b0bc15a` + follow-ups). Routing-layer invariants proved (all
./papers/leanncd.md:27:15. [Appendix: out of scope](#15-appendix-out-of-scope)
./papers/leanncd.md:238:The `reindexings` field precisely captures the four cases from the paper — identity, deletion (broadcast), duplication (diagonal), affine scaling (strided convolution) — each a different `StMat`.
./papers/leanncd.md:341:Everything above is the base on which the actual subject of this document sits. A `D`-graded colored PROP ([graded_prop.md §3.1](graded_prop.md#31-data)) is a colored PROP `C` (the *operations*) together with the data that exhibits it over a second colored PROP `D` (the *index*): a shape map, a lift action, and the distributivity and action-coherence isomorphisms making `C` a right `D`-actegory. The core class collects exactly that data plus the four named laws.
./papers/leanncd.md:381:The four isomorphism fields are the **distributivity** and **action-coherence** isos. `δ` and `δ0` make the lift distribute over juxtaposition — `(X ⊗ Y) ⊛ P ≅ (X ⊛ P) ⊗ (Y ⊛ P)` and `I_C ⊛ P ≅ I_C`. `υ` and `α` are the actegory coherence isos — `υ : X ⊛ I_D ≅ X` (lifting by the unit shape is trivial) and `α : (X ⊛ P) ⊛ Q ≅ X ⊛ (Q ⊗ P)` (composing two lifts; the order `Q ⊗ P` is what makes `⊛` a **right** action of `(D, ⊗, I_D)`). Together `υ`/`α` are precisely the unitor and multiplicator exhibiting `C` as a right `D`-actegory.
./papers/leanncd.md:434:The core `DGradedColoredPROP D C` of [§4](#4-the-core-dgradedcoloredprop-d-c) carries the lift, the actegory coherences, and the weave factorization — and nothing more. Capabilities beyond that bare grading are added as **composable mixins**: a `Scan`, a `Route`, an equivariance constraint, a `Para` refinement. Each is its own typeclass; an instantiation declares only the mixins it actually uses and pays only for their fields and obligations. This is exactly what keeps the proven core un-edited as the framework grows: a new capability is a new class layered on `DGradedColoredPROP`, never a field added to it, so the [§11](#11-the-propositions-as-generic-theorems) theorems stated over the core continue to hold unchanged at every instantiation. The four mixins of this family are `TemporalGraded` (Scan, given in full below), the `RouteStructure` and `SymmetryGraded` stubs, and `ParaAlgebra` (forward-referenced to [§7](#7-the-grothendieck-construction-and-executable-seam), since it layers on the `Algebra` rather than on the graded PROP).
./papers/leanncd.md:467:`TemporalGraded` internalizes the four additions of [graded_prop.md §3.4](graded_prop.md#34-the-temporal-grading-and-making-scan-first-class) that turn `Scan` from a bare generator into a definition. `L` is the **temporal object** of Definition 3.3 — an `Ob D` carrying the augmented-simplex / `(ℕ,+,0)` length grading, with prefix inclusions `ιₘ : [0..m] ↪ [0..N]`. `restrict` is the **directed action**: restriction natural transformations `act(−, ιₘ) : (− ⊛ [0..N]) ⇒ (− ⊛ [0..m])` along the `ιₘ`, satisfying the unit and composition laws of an action. `iterate` is the **finite iteration** of Definition 3.4 — for a parametric step endofunctor (the per-step inputs ride as parameters) and a length `N`, the `N`-fold iterate and its catamorphism `cata(step)` exist (for fixed `N` this is plain `N`-fold composition; no fixpoint, no natural-numbers object, until unbounded length is wanted). `trace` is the **state history** of Definition 3.5 — codomain `H ⊗ L_{N+1}` (scanl), with the coherence that truncating the trace along `ιₘ` agrees with running the `m`-fold. `lift_fold_dist` is the **lift–fold distributivity** law: for an ordinary degree `P` orthogonal to `L`, `act(Scan, P) ≅ Scan(act(step, P))`.
./papers/leanncd.md:788:The `SBrInstance`'s four tables become a Lean `structure` whose fields are finite lists, mirroring acset.md's [Lean encoding section](acset.md#from-sbrinstance-to-a-diagram-in-br-a-lean-encoding):
./papers/leanncd.md:839:| `DynamicName` | `DynamicName` | display only — see [§15](#15-appendix-out-of-scope), out of scope |
./papers/leanncd.md:1447:-- here were implemented (`Elab.lean:37,39`) but their SizeExpr payload was never read by anything
./papers/leanncd.md:1901:## 15. Appendix: out of scope
./docs/superpowers/specs/2026-07-23-e1-subproject4-termtraversable-plan.md:125:- Smallest of the four sub-projects: ~3 files, no new proofs, no proof breakage (nothing reasons about
./papers/f32_flip_files/plan_modules.md:52:assertions (39 `#guard`, 9 `run_cmd` throws), one `lake` job failure. `Eval.Plan.Scatter32OracleTest`:
./papers/f32_flip_files/plan_modules.md:62:| ScatterCompileTest | 143-145 (S2), 154-156 (S3), 169-172 (S4), 186-187 (S5), 208/212/214 (S6), 231-234 (S7), 261-268 (S8), 292-296 (S9) | 28 `#guard` via `preparedOf` | same | (i) | same (`schedOf`) |
./papers/f32_flip_files/plan_modules.md:63:| ScatterCompileTest | 133, 146, 157, 173, 190, 216, 235, 269, 297 | 9 `run_cmd` `assertScatterParity` ("prepareEvalPlan rejected a source-compiled scatter program") | helper calls `prog.compileToScheduled` directly, not through `schedOf` | (i) | `assertScatterParity` compiles `prog.explicitF64`; its `evalScheduled sched env` leg reuses that same `sched`, so no separate change |
./papers/f32_flip_files/plan_modules.md:75:| ScatterCompileTest | 3, 15-19, 37-38, 201 | doc comments only | no |
./papers/f32_flip_files/plan_modules.md:89:15 assertions (they pin the old default; 4b).
./papers/f32_flip_files/plan_modules.md:101:| `orderedTwinSched` | 1555, 1557, 1561 | 3 | undeclared `A`/`B`/`Y`/`Z` over `Float` | (i) | `explicitF64Sched` |
./papers/f32_flip_files/plan_modules.md:120:Counts: (i) 3+3+8+8+3+8+2+2+3+1+6+1+1+1+1+1+1+1+1+1 = 56; (ii) 2+1+3+4+1+4 = 15; total 71.
./papers/f32_flip_files/plan_modules.md:131:`Eval.Plan.CompileTest` builds: 71 failing assertions before (8518 jobs, one failing), 15 after
./papers/f32_flip_files/plan_modules.md:146:**Residual failing assertions (the 4b input), 15, all class (ii).** Line numbers are at the 4a commit.
./papers/f32_flip_files/plan_modules.md:181:| `prepareEvalPlan` (90 code lines) | one call per assertion over the schedules above | not needed: arguments are the wrapped/declared schedules (the 15 residual are the class (ii) rows) |
./papers/f32_flip_files/plan_modules.md:187:`Eval.Plan.CompileTest` builds green (8519 jobs), 0 failing assertions; all 15 residuals re-pinned, none
./papers/f32_flip_files/plan_modules.md:204:| acceptance fixtures through `withPrepared` (A selfRecur ... S-B two scans; T4.x, T5.3 checked path) | 178-2030 (the "expected acceptance, got inputSignature: ...dtypeMismatch" family) | ~39 | undeclared `X`/`S`/`A`/... vs `Float` carrier | (i) | `explicitF64Sched` in `prepared`/`withPrepared` and the `t4run`/`s6Accept` helper bodies |
./papers/f32_flip_files/plan_modules.md:256:60, `prepareEvalPlan` 29, `ofDenseInputs` 15, `runPreparedDense` 7, `evalScheduled` 3, `compileToScheduled` 0,
./papers/f32_flip_files/plan_modules.md:264:| `ofDenseInputs` | 15 | not needed: the carrier IS binary64, the side held fixed; the program side is declared `f64` |
./papers/f32_flip_files/plan_modules.md:285:- `dtypeOfDecl` `.tensor`/`.linear`/`none` arms back to `.f64`: CompileTest fails 15 assertions (lines 805, 810, 871,
./papers/f32_flip_files/plan_modules.md:286:  912, 917, 918, 920, 990, 991, 992, 1002, 1493, 1498, 1510, 1519), each "did not evaluate to `true`".
./papers/f32_flip_files/plan_modules.md:288:  `f32UndeclaredSched`, 883 `f64MixedUndeclaredSched`, 1493/1498/1510 `declaredBSched`).
./papers/f32_flip_files/plan_modules.md:336:| `zeroCoeffProg` (round trip incl. unwrapped `TLProgram.eval`; six-fixture batch) | 95, 181 | 2 | undeclared `A`/`B`/`Y` | (i) | `.explicitF64` on the `tlprog!` def |
./papers/f32_flip_files/plan_modules.md:362:AdapterTest `TLProgram.explicitF64` on the four `tlprog!` defs plus `ScanCompileTest.explicitF64Sched` at the
./papers/f32_flip_files/plan_modules.md:364:`DifferentialTest`); Adapter32Test `tensor f64` at source on the four binary64 twins (`warnProgF64`,
./papers/f32_flip_files/plan_modules.md:373:block a lake build of the downstream module; the same harness on `CompileTest` reproduced its 15 known
./papers/f32_flip_files/plan_modules.md:411:| scan fixtures through `scanParityCheck`/`scanParity2`/hand `ScheduledProgram`s | 757, 787, 881, 945, 1124, 1153, 1184, 1209, 1505, 1831, 2049, 2058 | 12 | `inputSignature: dtypeMismatch "S0"/"X"/"Init" f32 f64` | (i) | `ScanCompileTest.explicitF64Sched` at the shared parity helpers / schedule defs |
./papers/f32_flip_files/plan_modules.md:432:| `EvalPlanAffineSmoke32` (not in the task's list; found failing) | exit 1: `corpus0 binary32 signature failed: storageKindMismatch "B" float32 float64` | exit 0: `7 named + 8 assign + 2 positional + 39 corpus (stride 100 of 3832)` | `retag32` applies `explicitF64` first and retags `.typedTensor .f64` as well as `.tensor` to f32 |
./papers/semantics/reference_machine_plan.md:32:| Task 03 commit | `1c99cf0fad676268961e6ba201d15fa718adc1bd` |
./papers/semantics/reference_machine_plan.md:243:`a8882d25f6626bd7e655b5631547967b7748b7fb`,
./leanncd/docs/superpowers/plans/2026-07-03-track-a-readarity-diagonal-scatter.md:50:- Modify: `LeanNCD/DSL/Pipeline/Structural.lean` (`checkReadRanks`, ~lines 152–166)
./docs/superpowers/specs/2026-07-16-e1-traverseaxes-rhsexpr-design.md:53:  `Structural.lean:37-39`) and one collecting-direction theorem against it. **No UID-collecting
./docs/superpowers/specs/2026-07-16-e1-traverseaxes-rhsexpr-design.md:178:- `specsNonlin'` must stay byte-identical to `Structural.lean:37-39`'s private `specsNonlin` by
./papers/wave_c_evalplan_proposal.md:87:- [Implementation plan and concrete artifact inventory](#15-implementation-plan-and-concrete-artifact-inventory)
./papers/wave_c_evalplan_proposal.md:182:the four scan execution phases have been given explicit plan-level types.
./papers/wave_c_evalplan_proposal.md:328:The most important architectural clarification is that four different transformations occur. They
./papers/wave_c_evalplan_proposal.md:403:The four phases describe **when information is available**. A second, orthogonal decomposition
./papers/wave_c_evalplan_proposal.md:414:These workstreams are not new runtime abstractions. Section 15 and Appendix A turn them into
./papers/wave_c_evalplan_proposal.md:426:Sections 5-8 describe one checked-plan architecture from four views. This section defines the shared
./papers/wave_c_evalplan_proposal.md:1126:implementation slices in Section 15: executable contracts, static signatures, local kernel,
./papers/wave_c_evalplan_proposal.md:1484:The general scan worker should mirror the current four-phase semantics:
./papers/wave_c_evalplan_proposal.md:1669:## 15. Implementation plan and concrete artifact inventory
./papers/wave_c_evalplan_proposal.md:1671:### 15.1 Planning principle: build the semantic spine inside out
./papers/wave_c_evalplan_proposal.md:1674:compose. Each phase is a **vertical slice** with four parts:
./papers/wave_c_evalplan_proposal.md:1703:### 15.2 Concrete artifacts by semantic owner
./papers/wave_c_evalplan_proposal.md:1745:### 15.3 Vertical-slice sequence
./papers/wave_c_evalplan_proposal.md:1769:### 15.4 Final Wave C gate
./papers/wave_c_evalplan_proposal.md:1795:> Gate ("Section 15.4 holds") should be read against this reduced form, not the full text above.
./papers/wave_c_evalplan_proposal.md:1999:   existing `EC15 per-term-contraction` case in
./papers/wave_c_evalplan_proposal.md:2018:> caught only once all six tasks' content sat together. Fixed before merge; the capability matrix
./papers/wave_c_evalplan_proposal.md:2065:> implements all six test bullets above (signature conversion, adapter parity on an existing shape
./papers/wave_c_evalplan_proposal.md:2172:> interpreter `runDenseAssign`. Tests: `Eval.Plan.KernelCheckTest` (15 `#guard`s — the reference
./papers/wave_c_evalplan_proposal.md:2272:> in a trivial one-node graph, the four `PositionalInputError` cases — too-few arity, too-many
./papers/wave_c_evalplan_proposal.md:2414:> final-review fix wave closing the four coverage gaps and one stale `AGENTS.md` reference above).
./papers/wave_c_evalplan_proposal.md:2514:**Gate:** Section 15.4 holds; the module graph matches A.2; Wave F and Wave G can consume checked
./papers/wave_c_evalplan_proposal.md:2552:> register a new compilation unit). **Section 15.4's Gate holds in its reduced form**, per its own
./papers/semantics/raw_source_admission_record.md:54:exit=0: Build completed successfully (8765 jobs).
./papers/semantics/raw_source_admission_record.md:102:axioms.log records **15** generic `#print axioms` audits:
./papers/semantics/raw_source_admission_record.md:153:Historical 39 controls are not this slice's receipts.
./papers/semantics/raw_source_admission_record.md:251:Exactly15 proof-protected rejections,2 fixture contrasts (M4/E5),0 runtime kills.
./papers/semantics/raw_source_admission_record.md:266:| four ordered cached applies, ten compiled-byte hashes | passed packaging | readiness.json mechanical validation |
./papers/semantics/raw_source_admission_record.md:270:| both consolidated actual manifests, all17 cycles | pending | final output tables/logs,15+2 classifications |
./papers/semantics/raw_source_admission_record.md:302:Python syntax, four-stage/ten-file shape,17 unique stable IDs, stage counts7/7/0/3, two contrasts,
./papers/semantics/raw_source_admission_record.md:328:installed compiled hashes, reverse-applied only the four scoped prototype patches, replayed them in
./papers/semantics/raw_source_admission_record.md:349:classification remains **15 proof-protected rejections, 2 fixture contrasts, 0 runtime kills**.
./papers/semantics/raw_source_admission_record.md:360:records, four final patches, manifests, reproducible tools and evidence. No implementation commit,
./papers/f32_flip_files/plan_review.md:72:Heading says "four commits"; the table has 1a-1d plus the 0007 docs commit (5), and the size line says
./papers/f32_flip_files/plan_review.md:111:   pragma, carriers unchanged, mixed rejected, four flips). The stale text "An undeclared external is a real
./papers/semantics/reference_machine_authoring_record.md:36:  infrastructure paths exist. Glob found none of the four generated
./papers/semantics/reference_machine_authoring_record.md:47:Evidence reports targeted builds, four snippet checks, full default build
./papers/semantics/reference_machine_authoring_record.md:102:replay checkout at that published main, confirmed all sixteen protected inputs
./papers/semantics/reference_machine_authoring_record.md:103:unchanged and all four generated outputs absent, and applied all three original
./papers/semantics/reference_machine_authoring_record.md:137:not twenty-four implementation regressions or runtime oracle kills.
./papers/semantics/reference_machine_authoring_record.md:155:There are no Lean blocks in the live plan; the four real-module prototype
./papers/semantics/reference_machine_authoring_record.md:202:`c6866930-15ab-4eb1-8ab1-0ea2f842808e` returned
./papers/semantics/reference_machine_authoring_record.md:208:Final reviewer estimates were fourteen response rounds / approximately 50k peak
./papers/pre_scatter_backend_audit.md:10:**This audit is a snapshot of the tree at `2159d28`/`267976e`/`9680b92` and is deliberately NOT
./papers/pre_scatter_backend_audit.md:63:   fourth constructor is a **compile error** there, not a silent pass. The polarity argument itself
./papers/pre_scatter_backend_audit.md:67:   moment the fourth constructor arrives, so do it then, **not before**."* **Deliberately reversed.**
./papers/pre_scatter_backend_audit.md:75:   call-site sweep enumerates. And **`B2-F3`'s "four docstrings and one `AGENTS.md` node" now
./papers/pre_scatter_backend_audit.md:85:The Boolean/predicate declared-outputs slice needed roughly **six whole-branch review rounds and
./papers/pre_scatter_backend_audit.md:98:This audit characterises both surfaces in advance, so the sixth occurrence is designed against rather
./papers/pre_scatter_backend_audit.md:104:different "taken at" commits (`2159d28` and `267976e`) because they were written at different points
./papers/pre_scatter_backend_audit.md:106:(`2159d28..0cf7e88`, 11 commits) has an *empty* production diff —
./papers/pre_scatter_backend_audit.md:109:git diff 2159d28 0cf7e88 -- leanncd/LeanNCD leanncd/lakefile.toml leanncd/test   # empty
./papers/pre_scatter_backend_audit.md:118:Every `[snippet, Sn]` citation resolves to one of six spike files, each committed with its verbatim
./papers/pre_scatter_backend_audit.md:121:`lake env lean spikes/<file>.lean` from `leanncd/`. All six were verified to reproduce
./papers/pre_scatter_backend_audit.md:135:six. Spike S-numbering restarts per part, so cite as *Part I S8* / *Part II S8*.
./papers/pre_scatter_backend_audit.md:152:| BND-03 | four doc comments make a stale producer-discipline claim; two misname the shared resolver | documentation defect |
./papers/pre_scatter_backend_audit.md:169:| B1-F9 | `DSL/Ast.lean` slot functions — zero-extent scatter output | **answered in §B2.5**: not rejected; reachable via a **zero coefficient**, live from four words of surface syntax |
./papers/pre_scatter_backend_audit.md:173:| B2-F3 | four docstrings and one AGENTS.md node enumerate the constructor set exhaustively | doc defect, breaks on a new kind |
./papers/pre_scatter_backend_audit.md:207:  four places and **pinned by a live green `#guard`** asserting that a wholesale rename is accepted
./papers/pre_scatter_backend_audit.md:229:   be updated — which is only *useful* at the moment the fourth constructor arrives, so do it then,
./papers/pre_scatter_backend_audit.md:242:- **Semantic-payload finding #6's four boundary decoders** (`realizeStMat`, `realizeBrBaseP`,
./papers/pre_scatter_backend_audit.md:258:Base: `worktree-pre-scatter-audit` @ `2159d28`. Build green at **8660 jobs** before and after; no
./papers/pre_scatter_backend_audit.md:259:production code was changed (`git diff 2159d28 HEAD -- leanncd/LeanNCD/` empty).
./papers/pre_scatter_backend_audit.md:283:  The four boundary decoders that finding names — `realizeStMat`, `realizeBrBaseP`, `AcsetCodec`,
./papers/pre_scatter_backend_audit.md:297:| The unchecked-name axis is a **documented, test-pinned deliberate decision**, recorded in four places | `[read]` (a) `Prepared.lean`, `checkPreparedBindings`'s doc comment: "Names remain deliberately unauthenticated: positional raw IR can prove slots and required-name uniqueness, not origins."; (b) `LeanNCD/Eval/AGENTS.md`, the `Prepared.lean` row: "Raw plans prove slots but cannot authenticate names."; (c) `test/Eval/Plan/CompileTest.lean`, comment "Exact publication is structural slot identity, not name authentication … changing only names is valid", and a live `#guard` later in the same section asserting `checkPreparedBindings` returns `.ok` on a plan whose every `materializedNames` entry has been renamed to `"renamed"`; (d) `experiments/jax_bridge/README.md`: "Every named codegen entry first validates the prepared binding sidecar against the raw plan's exact publication slots; raw IR cannot authenticate the user-visible names themselves." |
./papers/pre_scatter_backend_audit.md:299:| No function anywhere takes `PlanBindings` as a parameter | `[read]` `grep -rn --include=*.lean "PlanBindings" LeanNCD/ experiments/` returns **16 hits**: one `structure` declaration, one `PreparedPlan.bindings` field, and fourteen mentions inside doc comments. None is a parameter binder — the type is reachable only through `PreparedPlan.bindings`, which is why its own invariants are checked, if at all, by `PreparedPlan`'s consumers rather than by anything it owns. |
./papers/pre_scatter_backend_audit.md:344:| A8 | `PreparedPlan` | public | `requiredInputs.inputSlots` = the enclosing plan's `raw.inputSlots` | producer discipline (per four files' doc comments) | `checkPreparedBindings` — it ignores the stored field and re-runs `checkBindings` against `raw.inputSlots` | `re-checked` | loud typed error | direct | — |
./papers/pre_scatter_backend_audit.md:388:| E6 | `JaxExecutableCandidate` | public | declared evidence = the aggregation of its steps' | the `aggregated : evidence = …` proof field | `validateAndConstructExecutable`'s `decide`, and the fourth `JaxExecutableWellFormed` conjunct | `enforced-by-type` | loud typed error | none | — |
./papers/pre_scatter_backend_audit.md:540:### 4.4 BND-03 — four doc comments make a stale producer-discipline claim, and two misname the shared resolver (documentation defect, **outside the mechanical rule**)
./papers/pre_scatter_backend_audit.md:720:by a decision recorded in four documents and pinned green by one test.
./papers/pre_scatter_backend_audit.md:817:> four times in F3/F4 (free-extent, pinned-literal, write-map-rank, `stepWriteRowsOk`) — verified
./papers/pre_scatter_backend_audit.md:820:Its row 15 then discharges exactly that question — the nonlinearity family is not a fifth instance
./papers/pre_scatter_backend_audit.md:891:**Updated by Task B2.** With the four appended `strided` rows R13–R16 (§B2.2) the table is
./papers/pre_scatter_backend_audit.md:892:**224 cells (16 × 14): 24 a, 22 b, 122 c, 24 —, 32 ▷.** B2's four rows contribute 56 cells on their
./papers/pre_scatter_backend_audit.md:908:### How Task B2 appends a fourth row kind
./papers/pre_scatter_backend_audit.md:910:The row axis is `kind × dim-class × phase` and the column axis is fixed. A fourth kind
./papers/pre_scatter_backend_audit.md:911:(`strided`) appends **exactly four rows at the bottom** — `strided @ adv @ base`,
./papers/pre_scatter_backend_audit.md:946:   the five-times defect recurring for the sixth time. Do not carry this paragraph forward as a
./papers/pre_scatter_backend_audit.md:965:| G1 | 12 | col 1 × R1–R12 | Closed structurally. `WriteRowKind` is a closed inductive `deriving DecidableEq, BEq` [read]; a type cannot require or forbid. Its derived structural equality is what makes `baseWriteRowsOk`'s `rows.getD d none == some (.pinned 0)` and `stepWriteRowsOk`'s `== some (.advancing i)` sound, so a payload-carrying fourth constructor inherits correct equality for free. |
./papers/pre_scatter_backend_audit.md:974:| G9 | 2 | col 8 × R9, R10 (`advancing` @ base) | `c`‡, closed as **vacuous today**. `writesCollide` is called only inside `checkWrites`' `if isBase then` branch and inside `Compile.lean`'s base-write loop [read], and no base row can be `.advancing` (G5). So the catch-all's treatment of advancing rows is unreachable in production — see §B1.2's B2 note 3 for why that stops being true with a fourth kind. |
./papers/pre_scatter_backend_audit.md:980:| G15 | 12 | col 14 × R1–R12 | Closed by evidence-carrying construction. `CheckedScanPlan` has `private mk ::`, so the only way to obtain one is `checkScanPlan`; `runDenseScan` then reads state shapes from `c.sigs` and rejects a differing caller table (`signatureContextMismatch`) and a differing store length (`storeArityMismatch`) before allocating [read]. No per-row obligation belongs here. |
./papers/pre_scatter_backend_audit.md:981:| **G16** | 4 | cols 6–7 × R9, R10 (`advancing` @ base, both value predicates) | **OPEN — `c`‡ latent, folded into Finding B1-F2.** These four cells were initially misclosed inside G6/G7 by citing a catcher that cannot fire in this phase, which is exactly the failure this audit exists to prevent. `stepWriteRowsOk` is marked **—** at base in the table above, so its clauses 2 and 3 catch nothing here; `advancingSizeMismatch` relates `stateShape[advancingDims[i]]` to `historyExtents[i]` and says nothing about an advancing row's presence or placement at base; and `pinnedLiteralsInRange`'s docstring appeal to *"the checked output/context shapes"* has no referent, because `checkScanPlan` forces `raw.baseBlock.contextShape == #[]` — verified: `S16 (non-empty base block contextShape): checkScanPlan REJECTED: … baseBlockContextNotEmpty #[2]` [snippet, S16]. Both predicates pass such a row at **any** extents: on `#[some (.pinned 0), some (.advancing 0), some (.free 0)]`, `(freeExtentsAgree #[1,3,3] #[3], pinnedLiteralsInRange #[1,3,3], freeExtentsAgree #[1,1,3] #[3], pinnedLiteralsInRange #[1,1,3])` → `(true, true, true, true)` [snippet, S16]. Held up by the same two barriers as G5 — see B1-F2. |
./papers/pre_scatter_backend_audit.md:984:G8 2, G9 2, G10 1, G11 2, G12 1, G13 2, G14 12, G15 12, G16 4.
./papers/pre_scatter_backend_audit.md:986:- **9 groups closed, 71 cells**: G1, G2a, G3, G6, G7, G8, G9, G14, G15.
./papers/pre_scatter_backend_audit.md:987:- **8 groups open, 15 cells**, collapsing to two findings:
./papers/pre_scatter_backend_audit.md:996:91 cells closed, 15 groups / 31 cells open**, collapsing to three findings: **B1-F2** (10 cells),
./papers/pre_scatter_backend_audit.md:1086:12 — groups G5 (2), G11 (2), G13 (2) and G16 (4). The four G16 cells (both value predicates at base)
./papers/pre_scatter_backend_audit.md:1226:| `commitWrite` | `runDenseScan` ×2 (base loop with `ctx = []`; step loop with `ctx = q.toList.map Int.ofNat`) | `target` from the allocated state; `w` from `raw.baseWrites`/`raw.stepWrites` | **Everything** — no bounds recovery, by design. Plus `checkNonlinIO`'s shape preservation, which its own docstring flags. Base call passes `ctx = []`, which the `.advancing` bullet does not cover (B1-F7) | **Yes** — needs a fourth bullet |
./papers/pre_scatter_backend_audit.md:1229:**Off-contract behaviour of the four standalone predicates.** Every row above records a precondition
./papers/pre_scatter_backend_audit.md:1231:appears in any signature. Measured directly, all four **fail closed** when the precondition is
./papers/pre_scatter_backend_audit.md:1299:The four functions in scope, all probed [snippet, S15]:
./papers/pre_scatter_backend_audit.md:1309:  2026-08-27 "fourth class-6 door" fix), and the repeated-`iterAt` case deliberately is not, matching
./papers/pre_scatter_backend_audit.md:1378:> **122 `c` cells** across **31 groups**, 16 closed / 91 cells and 15 open / 31 cells.
./papers/pre_scatter_backend_audit.md:1383:  intentional) and **8 groups / 15 cells open**, collapsing to two findings: **B1-F2** (latent,
./papers/pre_scatter_backend_audit.md:1423:(`spikes/AxisBStridedModelThrowaway.lean`) that declared a four-constructor `WRK` inductive and then
./papers/pre_scatter_backend_audit.md:1432:`.pinned`/`.advancing` standing in for the fourth constructor — sound because the arms involved
./papers/pre_scatter_backend_audit.md:1476:branch and this is the write-geometry defect family recurring for a **sixth** time (finding B2-F1).
./papers/pre_scatter_backend_audit.md:1538:[snippet, model]. The corresponding **production** measurement — every one of those six shapes is
./papers/pre_scatter_backend_audit.md:1576:Appended exactly as §B1.2 specified: four rows at the bottom, no change to any column header, to any
./papers/pre_scatter_backend_audit.md:1591:| R15 | `strided` @ adv @ step | c | c | c | — | **b** | c | c | — | ▷ | ▷ | **b** | **b** | c | c |
./papers/pre_scatter_backend_audit.md:1594:### Cell census for the four appended rows
./papers/pre_scatter_backend_audit.md:1597:each; R15 and R16 are 7 c / 3 b / 2 — / 2 ▷ each. Whole table after the append: **224 cells (16 ×
./papers/pre_scatter_backend_audit.md:1631:| G17 | 4 | col 1 × R13–R16 | **Closed structurally**, extending G1. A closed inductive cannot require or forbid. G1 anticipated exactly this constructor: *"a payload-carrying fourth constructor inherits correct equality for free"* — verified rather than assumed, since two production clauses compare against literal constructors via derived `BEq` (`baseWriteRowsOk`'s `rows.getD d none == some (.pinned 0)` and `stepWriteRowsOk`'s `== some (.advancing i)`). On a four-constructor `deriving DecidableEq, BEq` inductive, `(some (.strided 0 2 0) == some (.pinned 0), == some (.advancing 0), == some (.strided 0 2 0), == some (.strided 0 2 1))` → `(false, false, true, false)` [snippet, model] — cross-constructor comparisons are `false` and payload discrimination is exact, so neither clause silently changes meaning. **Decision B**: unchanged, letter and status both. The gating decision is a `classifyWriteRow` branch condition; the inductive has no branch to gate, and the derived-`BEq` argument holds for a four-constructor type regardless of which rows are ever built. |
./papers/pre_scatter_backend_audit.md:1632:| G18 | 4 | cols 2–3 × R15, R16 | **Closed** to G-step (col 5). Both functions are dimension-class-blind by construction — `classifyWriteRow`'s signature is `(contextWidth : Nat) (coeffRow : Array Int) (bias : Int)`, no `advancingDims` and no dimension index [read] — so the whole dim-class axis is `c` here, exactly as G2a. Unlike G2b, the downstream catcher is **not** open: `stepWriteRowsOk` clause 2 (`advancingDims.toList.zipIdx.all (fun (d, i) => rows.getD d none == some (.advancing i))`) and clause 3 (`rows.toList.zipIdx.all (fun (r, d) => advancingDims.contains d \|\| (match r with \| some (.free _) => true \| _ => false))`) between them reject a strided row at every dimension, **in the step phase, which is this group's own phase**. Measured on the model at all three placements: `(stepWriteRowsOk #[0,1] 1 #[strided, advancing 1, free 0], stepWriteRowsOk #[0] 1 #[advancing 0, strided, free 0], stepWriteRowsOk #[0] 1 #[advancing 0, free 0, strided])` → `(false, false, false)` [snippet, model]. The real clauses' behaviour on a non-`.free` non-`.advancing` `some` row at the same parameters: `(stepWriteRowsOk #[0,1] 1 #[some (.pinned 0), some (.pinned 2), some (.free 0)], stepWriteRowsOk #[0] 1 #[some (.advancing 0), some (.pinned 2), some (.free 0)])` → `(false, false)` [snippet, S19]. **Decision B**: unchanged — `classifyWriteRow` admits strided at step under both decisions [snippet, model]. |
./papers/pre_scatter_backend_audit.md:1633:| **G19** | 4 | cols 2–3 × R13, R14 | **OPEN — B2-F1.** Same blindness as G18, but the only downstream catcher at base is `baseWriteRowsOk`, whose own cells for these rows (G20) are open. **A group cannot be closed by deferral to an open group** — B1 established that rule at G2b, and it applies unchanged. **Decision B**: these four cells become **`b`‡** instead, on barrier 1 (`checkWrites`' `if isBase then 0`), exactly as B1 marked R9/R10 at these columns. |
./papers/pre_scatter_backend_audit.md:1634:| **G20** | 2 | col 4 × R13, R14 | **OPEN — B2-F1, the sixth instance.** `baseWriteRowsOk` clause 2 is the verbatim defect-instance-4 shape and its `filterMap` arm is **constructor-blind**: `((rows.toList.filterMap (fun r => match r with \| some (.free p) => some p \| _ => none)) == List.range outputShapeSize)`. The `\| _ => none` arm drops every `some` row that is not `.free`, a fourth constructor included. Measured on the model at both dimension classes: `(baseWriteRowsOk #[0] 1 #[pinned 0, strided 0 2 0, free 0], baseWriteRowsOk #[0,1] 1 (same))` → `(true, true)` [snippet, model]. Measured on the **real** clause with the two non-`.free` constructors that exist, at the identical parameters: `(baseWriteRowsOk #[0] 1 #[some (.pinned 0), some (.pinned 2), some (.free 0)], … #[some (.pinned 0), some (.advancing 0), some (.free 0)], baseWriteRowsOk #[0,1] 1 (each of those))` → `(true, true, true, true)`, against the control in which dim 1 carries a genuine second `.free` row and the cover therefore breaks: `(baseWriteRowsOk #[0] 1 #[some (.pinned 0), some (.free 1), some (.free 0)], … #[some (.pinned 0), some (.free 0), some (.free 0)])` → `(false, false)` [snippet, S19]. That control is what makes the drop a *drop* rather than an accident of the parameters. **Decision B**: **`c`‡ latent** rather than live — the rows become `#[some (.pinned 0), none, some (.free 0)]` and clause 1 fires, `baseWriteRowsOk … = false` [snippet, model]. |
./papers/pre_scatter_backend_audit.md:1635:| G21 | 2 | col 6 × R15, R16 | **Closed** by an in-phase catcher, not by kind partition alone. `freeExtentsAgree`'s `\| _ => true` arm ignores a strided row exactly as it ignores `.pinned`/`.advancing` [read], so the cell is `c`. It is closed because `checkWrites` runs `unless admitted do throw (.writeGeometryNotAdmitted isBase wi)` **before** `freeExtentsAgree` [read], and at step `admitted` is `stepWriteRowsOk`, which rejects a strided row at every dimension (G18's measurement). So the row never reaches this predicate in this phase — a stronger closure than G6's, and one whose catcher demonstrably fires here. Marked `c` rather than `—` to keep B1's column convention (B1 marks col 6 `c` for R3/R4/R12, all `b` at col 5). **Decision B**: unchanged. |
./papers/pre_scatter_backend_audit.md:1637:| G23 | 2 | col 7 × R15, R16 | **Closed** by the same in-phase catcher as G21. `pinnedLiteralsInRange`'s `\| _ => true` arm ignores a strided row [read]; the row never reaches it at step, because `stepWriteRowsOk` rejects first and `checkWrites` throws before calling it [read]. Recorded alongside: the predicate's docstring justification — *"`.free`/`.advancing` rows are vacuously fine (their range is already bounded by the checked output/context shapes elsewhere)"* — **enumerates exactly two kinds and would not mention a strided row at all**. B1 already established that this sentence is false for an advancing row at base (G16); for a strided row it is not false so much as absent. See B2-F3. **Decision B**: unchanged. |
./papers/pre_scatter_backend_audit.md:1639:| G25 | 2 | col 8 × R13, R14 | **Closed as conservative** — fact 3, now measured on a real fourth constructor. `writesCollide`'s catch-all is `\| _, _ => false`, so *"a dimension forces the regions apart only when BOTH writes pin it to DIFFERENT literals"* [read] and a strided row can never separate two base writes. Measured: `(writesCollide #[strided 0 2 0] #[strided 0 2 1], writesCollide #[pinned 0, strided 0 2 0] #[pinned 0, strided 0 2 5], writesCollide #[pinned 0, strided 0 2 0] #[pinned 1, strided 0 2 0])` → `(true, true, false)` [snippet, model] — the third separates only via its `.pinned 0` vs `.pinned 1` row at dimension 0, which is the clause doing its declared job. Real-predicate counterpart on the existing non-`.pinned` constructors: `(writesCollide #[some (.free 0)] #[some (.free 0)], writesCollide #[some (.advancing 0)] #[some (.pinned 1)], writesCollide #[some (.pinned 0), some (.advancing 0)] #[some (.pinned 0), some (.pinned 1)])` → `(true, true, true)` [snippet, S19]. The failure direction is **over**-rejection, hence safe. Two differences from G9 are worth recording rather than inheriting: G9 closed these cells as *vacuous today* because no base row can be `.advancing`; under decision A that ground disappears, so this group is closed on conservatism alone. And the expressiveness cost is real — **two strided base writes to one state are always reported as colliding**, so `dp[0, 2*j] := A[j]` alongside `dp[0, 2*j+1] := B[j]` is inexpressible, and disjointly so (`baseWritesOverlap`, pinned by `ScanTest.lean`'s fixture at `baseWritesOverlap 0 0 1` and by `ScanCompileTest.lean`'s two `.scan (.baseWritesOverlap "sc2" "dp" 0 1)` assertions [read]). **Decision B**: vacuous, as G9. |
./papers/pre_scatter_backend_audit.md:1641:| **G27** | 2 | col 12 × R13, R14 | **OPEN.** Escalation of G20 to the **public** entry. `checkScanPlan`'s own additions — `advancingDimOutOfRange`, `duplicateAdvancingDim`, `advancingDimCountMismatch`, `advancingSizeMismatch`, `baseBlockContextNotEmpty`, the four policy gates, `stateDtypeNotAdmitted`, the causality loop [read] — **change no cell in these four rows**. `advancingSizeMismatch` in particular relates `stateShape[advancingDims[i]]` to `historyExtents[i]` and says nothing about a strided row's presence, placement, or scale, at either dimension class. So B2-F1's cells reach `checkScanPlan` unchanged, exactly as B1-F2's do. **Decision B**: **CLOSED**, cell letter `c`‡ — escalation of G26's decision-B note. `checkScanPlan` calls `checkWrites sigs raw.baseBlock raw.baseWrites raw.states true` and propagates its `ScanPlanError` unchanged [read], so under B the plan is rejected at the public entry with the located `writeGeometryNotAdmitted true wi`. Still latent rather than absent, on the same barrier 1. |
./papers/pre_scatter_backend_audit.md:1642:| G28 | 2 | col 13 × R15, R16 | **Closed** by evidence-carrying construction, in-phase. `CheckedScanPlan` has `private mk ::`, so the only way to obtain one is `checkScanPlan` [read]; a step write carrying a strided row makes `checkWrites` throw `writeGeometryNotAdmitted false wi` (G18), so no checked plan carrying such a row exists and `commitWrite` never receives one in the step phase. The missing docstring bullet is still an obligation — see B2-F3 — but it is a documentation finding, not an unclosed cell. **Decision B**: unchanged. |
./papers/pre_scatter_backend_audit.md:1643:| **G29** | 2 | col 13 × R13, R14 | **OPEN — B2-F1.** This is where B2-F1's cells become memory unsafety. `commitWrite`'s own docstring states the premise: it *"does NOT call `inBoundsPerDim` before `flatIndex`: it performs no bounds recovery, trusting `checkScanPlan`"* [read] — and at base, per G20/G22/G24, `checkScanPlan` checked nothing about this row. Worked out rather than argued, on the `dp[0, 2·oc₀, oc₀]` map (`coeffs := #[#[0],#[2],#[1]]`, `bias := #[0,0,0]`) over an output of shape `[3]` against a `[1,3,3]` state: `applyAffine` at `ctx = []` gives `([0,0,0], [0,2,1], [0,4,2])`; `inBoundsPerDim [1,3,3]` gives `(true, true, false)`; and `flatIndex` gives the addresses `(0, 7, 14)` on a **9-element** store [snippet, S20]. Since `commitWrite` calls no `inBoundsPerDim`, that is one correct write, one silent write into a cell belonging to another coordinate, then an out-of-range `Array.set!` — the verbatim F3/F4 failure signature, and strictly worse than B1-F2's `3/7/11`, which at least stayed within one element of the store. Two further arithmetic modes measured at the same site: a `.shift`-flavoured strided row (`bias := #[0,5,0]`) is out of range at **every** coordinate — `applyAffine → [0,5,0]`, `inBoundsPerDim → false`, `flatIndex → 15` [snippet, S20]; and a **negative** offset (`bias := #[0,-2,0]`) is collapsed by `commitWrite`'s own `.map Int.toNat` — `applyAffine → [0,-2,0]`, `inBoundsPerDim → false`, `(…).map Int.toNat → [0,0,0]`, `flatIndex → 0` — so it aliases silently onto the lower boundary **in range**, with no panic to notice it by [snippet, S20]. That third mode is new to this task: B1-F2's advancing row cannot produce a negative coordinate, because its bias is fixed at `1`. **Decision B**: the cell **letter** stays `c` (col 13 is decision-invariant per the `★` legend), but the **status** becomes **CLOSED**, on G28's ground transposed to base: `CheckedScanPlan` has `private mk ::`, so with `checkWrites` throwing on clause 1 no checked plan carrying a strided base row exists and `commitWrite` never receives one. The arithmetic measured above is then unreachable rather than wrong — which is exactly B1-F2's own situation, and exactly why decision B buys latency rather than a bound. |
./papers/pre_scatter_backend_audit.md:1644:| G30 | 4 | col 14 × R13–R16 | **Closed** by evidence-carrying construction, extending G15. `runDenseScan` reads state shapes from `c.sigs` — the table `checkScanPlan` validated the plan against — rejects a differing caller table (`signatureContextMismatch`) and a differing store length (`storeArityMismatch`) before allocating [read], and imposes no per-row obligation at all. Nothing in that argument mentions a row kind, so a fourth constructor changes none of it. **Not** offered as a bound on G29: the store-arity check fixes how long the store is, not where within it `commitWrite` writes. **Decision B**: unchanged, letter and status both — `signatureContextMismatch` and `storeArityMismatch` mention no row kind, so the argument is insensitive to which rows a checked plan can carry. |
./papers/pre_scatter_backend_audit.md:1676:**Why this is the same shape as F3/F4's four instances and B1-F2's fifth**, in the words
./papers/pre_scatter_backend_audit.md:1697:### Finding B2-F3 — four docstrings and one AGENTS.md node enumerate the constructor set exhaustively
./papers/pre_scatter_backend_audit.md:1703:548, 558]. A fourth constructor makes that argument **incomplete**, not merely dated: the docstring's
./papers/pre_scatter_backend_audit.md:1720:   three-way enumeration; the conclusion survives a fourth constructor (G25 measured it) but the
./papers/pre_scatter_backend_audit.md:1760:`size(i) = 4`, all six forms in one probe: `(some 4, some 6, some 5, some 7, some 8, some 11)`
./papers/pre_scatter_backend_audit.md:1791:under `import LeanNCD.Eval.Plan.Scan` **alone** — B1's S15 imported `LeanNCD.DSL.Ast` explicitly;
./papers/pre_scatter_backend_audit.md:1843:B1 measured that `LHSSlot.outExtent` returns `some 0` for four distinct negative affine forms —
./papers/pre_scatter_backend_audit.md:1845:some 0)` [snippet, S15] — and deliberately left the question *"is a zero-extent scatter output
./papers/pre_scatter_backend_audit.md:1853:its size to 0"* [read]), and `some 0` is not that case. Measured, all four negative forms plus the
./papers/pre_scatter_backend_audit.md:1880:`.rejectCollisions` is only reached *inside* that guard — four source coordinates all "landing on" a
./papers/pre_scatter_backend_audit.md:1909:`DSL/Elab.lean`'s `elabTLLHSSlot` has four affine arms, and **no** arm can produce a negative
./papers/pre_scatter_backend_audit.md:1914:- the fourth, `$x +1`, is **stronger still**: it does not read a `num` at all but returns
./papers/pre_scatter_backend_audit.md:1918:`.iterAt` (the `$n:num` arm) likewise uses `Int.ofNat n.getNat`. **So none of the four negative forms
./papers/pre_scatter_backend_audit.md:1919:B1 measured is surface-reachable** — they require a programmatic `Stmt`, as B1's S15 and this task's
./papers/pre_scatter_backend_audit.md:1934:[snippet, S26]. So `Out[0*i] := X[i]` — four words of ordinary surface syntax, with `axis i : ℕ = 4`
./papers/pre_scatter_backend_audit.md:1935:— compiles, evaluates `.ok`, and returns an **empty** `Out` with all four writes silently dropped and
./papers/pre_scatter_backend_audit.md:1944:programmatic `Stmt` via any of B1's four negative forms (S23a–S23d).
./papers/pre_scatter_backend_audit.md:1990:R15 and R16 across columns 5, 11 and 12 are `b` on `stepWriteRowsOk`'s clauses 2 and 3, and **no test
./papers/pre_scatter_backend_audit.md:1994:unlocated cells (which *could* be pinned today and simply are not), and it is why these six are
./papers/pre_scatter_backend_audit.md:2009:   — a strided row at an **advancing** dimension, rejected by clause 2 (R15).
./papers/pre_scatter_backend_audit.md:2130:- **6 new `b` cells** (R15, R16 × cols 5, 11, 12): **0 located, and 0 locatable at `9680b92`** — the
./papers/pre_scatter_backend_audit.md:2143:- **Findings outside the cell grid**: **B2-F2** (no site requires a strided row), **B2-F3** (four
./papers/pre_scatter_backend_audit.md:2150:  coverage named, in four tiers).
./papers/pre_scatter_backend_audit.md:2153:observed output, or — where a fourth constructor was unavoidable — a `[snippet, model]` observation
./papers/semantics/tensor_logic_boundary_policies.md:236:placement over three source cells has extent six, including an unwritten
./papers/semantics/tensor_logic_boundary_policies.md:1359:| Elaboration, Sections 15-17 | Paired defaults and overrides, guarded raw domains, retained occurrences, and the distinction from ordinary full-axis einsum. |
./papers/semantics/tensor_logic_boundary_policies.md:1412:| Length four, raw indices $-1$ and $5$ | The pair distinguishes zero, clamp, wrap, reflect, and symmetric reads. |
./papers/semantics/raw_source_admission_plan.md:14:[readiness.json](raw_source_admission_artifacts/readiness.json) records the four new patches,
./papers/semantics/raw_source_admission_plan.md:20:Cached replay, all four per-stage builds, both final manifests and the full default build
./papers/semantics/raw_source_admission_plan.md:286:Exactly **15 proof-protected rejections + 2 fixture contrasts + 0 runtime kills**.
./papers/semantics/raw_source_admission_plan.md:296:restoration and restored green. Classification remains 15 proof rejections and 2 fixture contrasts.
./papers/semantics/raw_source_admission_plan.md:338:rg -n '\b39\b|six|four|15|fifteen|8765|partial-non-ready' /Users/williammacready/code/python/pyncd.worktrees/close-raw-source-admission-proof-fcf548a4
./papers/semantics/raw_source_admission_plan.md:356:Append receipts to the record, not this live recipe: date/base; four patch hashes and ten source
./leanncd/LeanNCD/Eval/Plan/AGENTS.md:41:- **The write-geometry surface stays exhaustive over `WriteRowKind`.** Nine match sites (six in `Scan.lean`, one in `Compile.lean`'s base-write placement, two in `ScanTest.lean`'s frozen `stepWriteRowsOkNoClause1` oracle) have no wildcard, so a new kind is a compile error at each. The tripwire forces a decision, not a sound one: discharging every arm with `true` compiles and recreates the defect. **Not tripwired, and must be extended by hand:** `classifyWriteRow` (produces kinds), `causalAdvancingRow` (read rows), `baseWriteTouchesBoundary` (decides by equality), and `ScanTest.lean`'s `allRowKinds` list. `.strided` is admitted only with positive scale and nonnegative bias, at non-advancing state dimensions, with `scatterDestExtent` extent agreement; equal-scale distinct residues prove base writes disjoint. `Scan.lean`'s module docstring is authoritative. This family's recurring defect is a predicate saying which rows MUST be a kind but not which MAY NOT be.
./papers/semantics/coordinate_ranks_finite_measure_authoring_record.md:53:  - 02: `1c8a2151cd839ae72a1eb48784e5f7b71dcc5f1413b7371e34e6691bb815d74f`.
./papers/semantics/coordinate_ranks_finite_measure_authoring_record.md:58:- All eight patch deliverable paths checked: four generated outputs absent
./papers/semantics/coordinate_ranks_finite_measure_authoring_record.md:59:  (including no dangling symlinks); four modified integration paths present.
./papers/semantics/coordinate_ranks_finite_measure_authoring_record.md:102:Evidence's full build has 17 warning lines and targeted build six. Three NEW
./papers/semantics/coordinate_ranks_finite_measure_authoring_record.md:130:All six manifest targets name RankedMachineTest. `--check` is a post-state
./papers/semantics/coordinate_ranks_finite_measure_authoring_record.md:148:| Compatible later-main clean/protected/absence guards | PASS | Clean including untracked; all 31 hashes match; all four generated paths absent, including symlinks |
./papers/semantics/coordinate_ranks_finite_measure_authoring_record.md:151:| Actual six manifest cycles with --out | PASS | Six selected/PASS, every populated diagnostic observed, byte-identical restoration and restored green builds |
./papers/semantics/coordinate_ranks_finite_measure_authoring_record.md:177:These are six kernel-proof rejections, often before fixture elaboration, not
./papers/semantics/coordinate_ranks_finite_measure_authoring_record.md:178:six isolated runtime-oracle kills. After all cycles, the controller rechecked
./papers/semantics/coordinate_ranks_finite_measure_authoring_record.md:199:per-task review outcomes, six-row mutation table and proof-oracle limits,
./papers/semantics/coordinate_ranks_finite_measure_authoring_record.md:217:- All 30 distinct relative link targets exist or are one of the four explicitly
./papers/semantics/reference_machine_execution_record.md:43:and absence of all four new outputs, including symlink checks. The covering
./papers/semantics/reference_machine_execution_record.md:49:sources were rewritten. The four new Git blobs match the published artifacts:
./papers/semantics/reference_machine_execution_record.md:55:| [Soundness](../../leanncd/LeanNCD/Semantics/Soundness.lean) | `a8882d25f6626bd7e655b5631547967b7748b7fb` |
./papers/semantics/reference_machine_execution_record.md:58:The four existing integration-file hunks were inspected against the prepared
./papers/semantics/reference_machine_execution_record.md:69:after restoration. The replay contained only four known new files and four
./papers/semantics/reference_machine_execution_record.md:75:initially required no untracked replay files instead of the four expected
./papers/f32_flip_files/RESULTS.md:26:  (class i, via `explicitF64`). SignatureTest read only partially. The other four modules were not
./papers/semantics/collection_model_execution_record.md:41:| T1 | `edce152` | Finite-family variance and additive laws accepted; Collection target passed, 2,944 jobs. |
./papers/semantics/collection_model_execution_record.md:63:- All four required documentation/value sweeps ran. Current bounded-layer claims,
./papers/code_walkthrough.md:132:| `DSL/Syntax.lean` | declares grammar categories ([`tl_program`](https://github.com/william-macready/pyncd/blob/agents/tutorial-lean4-compilation-guide/leanncd/LeanNCD/DSL/Syntax.lean#L175-L175), [`tl_stmt`](https://github.com/william-macready/pyncd/blob/agents/tutorial-lean4-compilation-guide/leanncd/LeanNCD/DSL/Syntax.lean#L164-L164), [`tl_rhs`](https://github.com/william-macready/pyncd/blob/agents/tutorial-lean4-compilation-guide/leanncd/LeanNCD/DSL/Syntax.lean#L159-L161), etc.) |
./papers/code_walkthrough.md:241:- [`declare_syntax_cat ...`](https://github.com/william-macready/pyncd/blob/agents/tutorial-lean4-compilation-guide/leanncd/LeanNCD/DSL/Syntax.lean#L21-L40) introduces the DSL grammar categories ([`tl_program`](https://github.com/william-macready/pyncd/blob/agents/tutorial-lean4-compilation-guide/leanncd/LeanNCD/DSL/Syntax.lean#L175-L175), [`tl_stmt`](https://github.com/william-macready/pyncd/blob/agents/tutorial-lean4-compilation-guide/leanncd/LeanNCD/DSL/Syntax.lean#L164-L164), [`tl_rhs`](https://github.com/william-macready/pyncd/blob/agents/tutorial-lean4-compilation-guide/leanncd/LeanNCD/DSL/Syntax.lean#L159-L161), etc.).
./papers/code_walkthrough.md:416:9. [`schedule`](https://github.com/william-macready/pyncd/blob/agents/tutorial-lean4-compilation-guide/leanncd/LeanNCD/DSL/Pipeline/Lowering.lean#L150-L166)
./papers/code_walkthrough.md:433:- **`σ = Nat`** — the mutable state is a single counter. [`freshUData`](https://github.com/william-macready/pyncd/blob/agents/tutorial-lean4-compilation-guide/leanncd/LeanNCD/Exec/Uid.lean#L42-L46) reads the counter, increments it by one, and returns a [`UData`](https://github.com/william-macready/pyncd/blob/agents/tutorial-lean4-compilation-guide/leanncd/LeanNCD/Exec/Uid.lean#L11-L15) whose `uid` field holds the *old* value. UIDs are therefore sequential integers — deterministic and reproducible, not random — so compiled programs produce the same graph for the same source every time.
./papers/code_walkthrough.md:435:  **What is `UData`?** [`UData`](https://github.com/william-macready/pyncd/blob/agents/tutorial-lean4-compilation-guide/leanncd/LeanNCD/Exec/Uid.lean#L11-L15) is a small structure pairing a unique integer identity with an optional human-readable display name:
./papers/code_walkthrough.md:445:- **`ε = CompileError`** — the [15-variant sum type](https://github.com/william-macready/pyncd/blob/agents/tutorial-lean4-compilation-guide/leanncd/LeanNCD/Exec/Uid.lean#L17-L36) of everything that can go wrong (e.g. `rankMismatch`, `causalityViolation`, `cyclicDataflow`). Any pipeline phase can call `throw e`; Lean's monad machinery immediately short-circuits the rest of the chain and propagates the error upward — no manual `if`/`match`-on-error threading needed.
./papers/code_walkthrough.md:650:**Input:** the [`ScanProgram`](https://github.com/william-macready/pyncd/blob/agents/tutorial-lean4-compilation-guide/leanncd/LeanNCD/DSL/Pipeline/Types.lean#L45-L50) from Stage 4 — axes resolved, arithmetic normalized, and any recurrences already grouped into [`ScanStmt`](https://github.com/william-macready/pyncd/blob/agents/tutorial-lean4-compilation-guide/leanncd/LeanNCD/DSL/Pipeline/Types.lean#L15-L18) nodes — but still with no execution order and no wire assignments.
./papers/code_walkthrough.md:658:- [`schedule`](https://github.com/william-macready/pyncd/blob/agents/tutorial-lean4-compilation-guide/leanncd/LeanNCD/DSL/Pipeline/Lowering.lean#L150-L166): stable topological order ([`topoSort`](https://github.com/william-macready/pyncd/blob/agents/tutorial-lean4-compilation-guide/leanncd/LeanNCD/DSL/Pipeline/Lowering.lean#L133-L134))
./papers/code_walkthrough.md:670:- [`schedule`](https://github.com/william-macready/pyncd/blob/agents/tutorial-lean4-compilation-guide/leanncd/LeanNCD/DSL/Pipeline/Lowering.lean#L150-L166)
./papers/code_walkthrough.md:689:  - checks [`wellFormedDom`](https://github.com/william-macready/pyncd/blob/agents/tutorial-lean4-compilation-guide/leanncd/LeanNCD/DSL/Target.lean#L142-L153),
./papers/code_walkthrough.md:695:- [`schedule`](https://github.com/william-macready/pyncd/blob/agents/tutorial-lean4-compilation-guide/leanncd/LeanNCD/DSL/Pipeline/Lowering.lean#L150-L166)
./papers/code_walkthrough.md:770:In [`DSL/Target.lean`](https://github.com/william-macready/pyncd/blob/agents/tutorial-lean4-compilation-guide/leanncd/LeanNCD/DSL/Target.lean#L12-L158):
./papers/code_walkthrough.md:775:- [`wellFormedDom`](https://github.com/william-macready/pyncd/blob/agents/tutorial-lean4-compilation-guide/leanncd/LeanNCD/DSL/Target.lean#L142-L153) and [`WellFormed`](https://github.com/william-macready/pyncd/blob/agents/tutorial-lean4-compilation-guide/leanncd/LeanNCD/Bridge/Realize.lean#L139-L147) capture routing/type/topology invariants required by realization.
./papers/code_walkthrough.md:784:- [`ThreadedComposed.wellFormedDom`](https://github.com/william-macready/pyncd/blob/agents/tutorial-lean4-compilation-guide/leanncd/LeanNCD/DSL/Target.lean#L142-L153) enforces external-slot referencedness and rank consistency across all consumers.
./papers/code_walkthrough.md:795:- [`wellFormedDom`](https://github.com/william-macready/pyncd/blob/agents/tutorial-lean4-compilation-guide/leanncd/LeanNCD/DSL/Target.lean#L142-L153)
./papers/code_walkthrough.md:879:- [`ThreadedComposed.steps`](https://github.com/william-macready/pyncd/blob/agents/tutorial-lean4-compilation-guide/leanncd/LeanNCD/DSL/Target.lean#L115-L115): ordered list of routed primitive steps (each step is a [`BrBaseP`](https://github.com/william-macready/pyncd/blob/agents/tutorial-lean4-compilation-guide/leanncd/LeanNCD/DSL/Target.lean#L93-L99)).
./papers/code_walkthrough.md:880:- [`steps.length`](https://github.com/william-macready/pyncd/blob/agents/tutorial-lean4-compilation-guide/leanncd/LeanNCD/DSL/Target.lean#L115-L115): number of routed primitive operations in the compiled program graph.
./papers/code_walkthrough.md:899:- [`steps.length`](https://github.com/william-macready/pyncd/blob/agents/tutorial-lean4-compilation-guide/leanncd/LeanNCD/DSL/Target.lean#L115-L115) == 1
./papers/code_walkthrough.md:943: This value is the full [`steps : List BrBaseP`](https://github.com/william-macready/pyncd/blob/agents/tutorial-lean4-compilation-guide/leanncd/LeanNCD/DSL/Target.lean#L115-L115) field of `ThreadedComposed`.
./papers/code_walkthrough.md:986:| [`Algebra`](https://github.com/william-macready/pyncd/blob/agents/tutorial-lean4-compilation-guide/leanncd/LeanNCD/Algebra/Algebra.lean#L15-L26) | strong symmetric monoidal, equivariant semantics functor | [`Algebra/Algebra.lean`](https://github.com/william-macready/pyncd/blob/agents/tutorial-lean4-compilation-guide/leanncd/LeanNCD/Algebra/Algebra.lean) |
./papers/code_walkthrough.md:1066:  Presentation-level domain sanity checks from [`ThreadedComposed.wellFormedDom`](https://github.com/william-macready/pyncd/blob/agents/tutorial-lean4-compilation-guide/leanncd/LeanNCD/DSL/Target.lean#L142-L153): external ports are valid and consistently referenced.
./papers/code_walkthrough.md:1109:- [`Instances/StBr.lean`](https://github.com/william-macready/pyncd/blob/agents/tutorial-lean4-compilation-guide/leanncd/LeanNCD/Instances/StBr.lean): many signature fields remain open. Completing [`act`](https://github.com/william-macready/pyncd/blob/agents/tutorial-lean4-compilation-guide/leanncd/LeanNCD/Instances/StBr.lean#L15-L15) would provide the concrete St-indexed action of shapes on Br morphisms; completing the delta/alpha/unit/coherence fields would prove that this action interacts correctly with tensor, unit, and nested lifting; completing `broadcast_gen` would show that Br morphisms admit the required broadcast-style factorization. Together these gaps block full completion of the flagship `StBr` instance and the strongest specialized batching/equivariance theorems, but they do not change the current executable compile pipeline.
./papers/code_walkthrough.md:1191:- theorem [`toThreadedComposed_fromThreadedComposed`](https://github.com/william-macready/pyncd/blob/agents/tutorial-lean4-compilation-guide/leanncd/LeanNCD/Bridge/AcsetCodec.lean#L1569-L1592).
./papers/code_walkthrough.md:1226:2. [`toThreadedComposed_fromThreadedComposed`](https://github.com/william-macready/pyncd/blob/agents/tutorial-lean4-compilation-guide/leanncd/LeanNCD/Bridge/AcsetCodec.lean#L1569-L1592) proves ACSet encode/decode round-trip (under [`WellFormed`](https://github.com/william-macready/pyncd/blob/agents/tutorial-lean4-compilation-guide/leanncd/LeanNCD/Bridge/Realize.lean#L139-L147) + [`WellShaped`](https://github.com/william-macready/pyncd/blob/agents/tutorial-lean4-compilation-guide/leanncd/LeanNCD/Bridge/AcsetCodec.lean#L524-L524) assumptions).
./papers/code_walkthrough.md:1234:- ACSet codec round-trip on the Lean bridge representation ([`toThreadedComposed_fromThreadedComposed`](https://github.com/william-macready/pyncd/blob/agents/tutorial-lean4-compilation-guide/leanncd/LeanNCD/Bridge/AcsetCodec.lean#L1569-L1592)),
./papers/code_walkthrough.md:1253:   - re-check [`toThreadedComposed_fromThreadedComposed`](https://github.com/william-macready/pyncd/blob/agents/tutorial-lean4-compilation-guide/leanncd/LeanNCD/Bridge/AcsetCodec.lean#L1569-L1592),
./papers/f32_flip_files/site_table.md:33:| CompileTest | R (`warnProg.explicitF64` x2) | R (local `explicitF64Sched` on ~12 literals; 8 more re-spelled `.typedTensor .f64` at source) + S (13 rejection-only literal families, see below) | - | R (reference legs of the 4 `assert*Parity` helpers ride the wrapped schedules) | - | F (15 class (ii) re-pins in 4b: plain/undeclared pinned f32, `f64` neighbours kept) | - | R (`scanPredSched*`, `rankScanSched` via `explicitF64Sched` over `ScanStmt.sourceStmts`) |
./papers/f32_flip_files/site_table.md:49:| `test/Eval/PropertyOracle/ScanGen.lean` | 3 `TLProgram.eval` | lines 150, 202, 218 all `.explicitF64` | already uses the lever |
./papers/semantics/source_correspondence_plan.md:13:F16 cases, and all 39 intended implementation mutations. T1-T5 per-task reviews
./papers/semantics/source_correspondence_plan.md:16:39/39 expected failures with byte-identical restoration and restored green
./papers/semantics/source_correspondence_plan.md:17:builds, then ran the full build successfully (8,763 jobs). The six fresh task
./papers/semantics/source_correspondence_plan.md:263:legs carry explicit reasons and never count as four-leg parity. No model witness
./papers/semantics/source_correspondence_plan.md:302:correspondence, typed diagnostics, an exact numerical profile, and four-leg
./papers/semantics/source_correspondence_plan.md:313:| T5 diagnostics/harness | T2, T3, T4 | Typed observations; source renderer; four-leg/profile comparison | 15 / 8 | High; API then fixture bundles |
./papers/semantics/source_correspondence_plan.md:316:Planned totals: **79 named fixture entrypoints and 39 implementation-mutation
./papers/semantics/source_correspondence_plan.md:321:These counts do not include the six completed fixture-input contrasts.
./papers/semantics/source_correspondence_plan.md:433:| A15 | P matmul; shorten W buffer | Exact length rejection |
./papers/semantics/source_correspondence_plan.md:471:| D15 | P compare; inject warning-bearing typed leg result | Warning preservation, no silent default |
./papers/semantics/source_correspondence_plan.md:486:| F15 | P3/P4; permute multiple definitions with stable IDs | Reference-only tagged comparison, no production parity claim |
./papers/semantics/source_correspondence_plan.md:494:Do not repeat a rank-zero program for four irrelevant extent choices.
./papers/semantics/source_correspondence_plan.md:505:  skip unused/empty input presence (A13/A14); skip exact shape/length (A15/A16).
./papers/semantics/source_correspondence_plan.md:514:  collapsed (D11-D13); warnings discarded (D15); guessed causal localization
./papers/semantics/source_correspondence_plan.md:519:  (F13); multi-definition marked shared (F14/F15); publication scan truncated
./papers/semantics/source_correspondence_plan.md:522:Keep the existing [six contrasts](source_correspondence_artifacts/mutations.json)
./papers/semantics/source_correspondence_plan.md:539:2. Observe every matrix row and exact typed payload, and all 39 implementation
./papers/semantics/source_correspondence_plan.md:599:The six historical contrast cycles are replayable on the exact seed-compatible
./papers/semantics/source_correspondence_plan.md:602:worktree. The 39-cycle post manifest must target and run on the final integrated
./papers/semantics/tensor_logic_semantics.md:218:differential comparison of four evaluation legs (an independent exact oracle,
./papers/semantics/tensor_logic_semantics.md:221:fixtures and 39 mutation controls (18 proof-protected and 21 executable).
./papers/semantics/tensor_logic_semantics.md:259:  - [15. Surface-to-core elaboration](#15-surface-to-core-elaboration)
./papers/semantics/tensor_logic_semantics.md:346:- $[2]\times[3]$ has six coordinates.
./papers/semantics/tensor_logic_semantics.md:474:| Enumeration independence of nested reductions ([Section 15.2](#152-statement-variables-and-term-local-contraction)), the pure-einsum correspondence (Proposition 19.1), Sections [17.1](#171-index-strings-and-global-valuations)-[17.3](#173-connection-to-the-contribution-core) | The commutative-monoid laws of $\oplus$ (associativity, commutativity, identity), the coherence condition, and the bracketing convention below |
./papers/semantics/tensor_logic_semantics.md:484:combination ([Section 15.2](#152-statement-variables-and-term-local-contraction)), Proposition 19.1, and [Section 27.3](#273-guards-empty-binders-and-failure), where an
./papers/semantics/tensor_logic_semantics.md:494:product that [Section 15.2](#152-statement-variables-and-term-local-contraction) builds from the same factors in the same order use
./papers/semantics/tensor_logic_semantics.md:1362:[Section 15.2](#152-statement-variables-and-term-local-contraction) elaborates
./papers/semantics/tensor_logic_semantics.md:1529:This domain contains six valuations. Every one makes the read
./papers/semantics/tensor_logic_semantics.md:1580:resolution (assumed before elaboration in [Section 15.1](#151-explicit-inputs-to-elaboration)) and the
./papers/semantics/tensor_logic_semantics.md:1637:## 15. Surface-to-core elaboration
./papers/semantics/tensor_logic_semantics.md:1646:### 15.1 Explicit inputs to elaboration
./papers/semantics/tensor_logic_semantics.md:1700:### 15.2 Statement variables and term-local contraction
./papers/semantics/tensor_logic_semantics.md:1748:### 15.3 Scalar operator placement
./papers/semantics/tensor_logic_semantics.md:1764:### 15.4 Marked slice operators
./papers/semantics/tensor_logic_semantics.md:1813:### 15.5 Structural checks after elaboration
./papers/semantics/tensor_logic_semantics.md:2018:$t\le q$ for each query $q$. The marked-slice abbreviation of [Section 15.4](#154-marked-slice-operators) does
./papers/semantics/tensor_logic_semantics.md:2074:pure-einsum profile from [Section 15.1](#151-explicit-inputs-to-elaboration). It does not extend the core with
./papers/semantics/tensor_logic_semantics.md:2229:The operator boundary fixed in Sections [13](#13-core-syntax-and-binding) and [15](#15-surface-to-core-elaboration) remains authoritative.
./papers/semantics/tensor_logic_semantics.md:3741:There are six contribution steps and three publication steps in total.
./papers/semantics/tensor_logic_semantics.md:4149:discharged kernel by kernel. Terminal adequacy is not a sixth condition; it
./leanncd/docs/superpowers/plans/2026-08-19-wave-f-f4-source-compiler.md:14:  and hand-classified all six templates against the real, existing `checkNonlin`/`checkAggOp`
./leanncd/docs/superpowers/plans/2026-08-19-wave-f-f4-source-compiler.md:84:3. preserve the four-layer error boundary;
./leanncd/docs/superpowers/plans/2026-08-19-wave-f-f4-source-compiler.md:124:| Generated corpus | Measured | 17 total: 9 accepted, 4 `unsupportedNonlin`, 4 `unsupportedAgg` — independently re-derived from `ScanGen.lean`'s six templates this session, not just cited. |
./leanncd/docs/superpowers/plans/2026-08-19-wave-f-f4-source-compiler.md:512:15. Call `checkScanPlan`; report unexpected compiler-output rejection as `invalidPlan`.
./docs/superpowers/specs/2026-07-15-e11-uid-investigation-design.md:3:**Status:** approved 2026-07-15. Feeds `writing-plans`.
./papers/f32_evalplan.md:213:   > binary32 at the four sites (`storageConstraintOfDecl`, `storageConstraintOfName?`,
./papers/f32_evalplan.md:254:- `CapabilityError.unsupportedDtype` has no producer today. `CapabilityError` has sixteen
./papers/f32_evalplan.md:259:  `unsupportedDtype` the tenth live family and leaves six producer-less or structurally unreachable
./papers/f32_evalplan.md:364:at all four entries because `Eval/Contract.lean` cannot import `ScheduledValidation.lean`;
./papers/f32_evalplan.md:661:race-free: six of the eight (`generateForward`, `renderInputConstants`, `renderAffinePlanNamed`,
./papers/f32_evalplan.md:680:each also installs a storage-kind guard at one more structurally similar door. Each of those four
./papers/f32_evalplan.md:693:These four therefore keep their individual mutation cycles despite their door-guard-shaped one-line
./papers/f32_evalplan.md:852:15. Clone `SignatureTest.conversionInputs`; pin
./papers/f32_evalplan.md:875:- map `.typedTensor .f32` to `.f64` in `dtypeOfDecl`: fixture 15 constructs an f64 signature/plan
./papers/f32_evalplan.md:877:- remove the temporary homogeneous-f32 schedule stop: fixture 15's external-input case reports the
./papers/f32_evalplan.md:1017:    `chainPlan`, append one unused fourth signature without adding it to `inputSlots`, and set the
./papers/f32_evalplan.md:1021:    from last offending slot; the four-entry signature table also makes the reported slot `2`
./papers/f32_evalplan.md:1053:15. Build four otherwise-valid homogeneous f32 source programs from concrete existing donors:
./papers/f32_evalplan.md:1126:  above — the fixture's unused fourth slot is wiring-invalid specifically so this ordering claim has
./papers/f32_evalplan.md:1130:- remove each source capability arm for scatter, scan, axiswise, and unary independently (four
./papers/f32_evalplan.md:1131:  cycles): the corresponding fixture 15 case reaches plan construction or reports a later error;
./papers/f32_evalplan.md:1134:  instead of the original all-factor list: fixture 15's unary case reports index 0 instead of 1 and
./papers/f32_evalplan.md:1207:**Numbered fixture groups: 16; planned mutation cycles: 15**
./papers/f32_evalplan.md:1254:15. Add compile-time compatibility checks for `DenseTensor.mk`, `DenseTensor.shape`, and
./papers/f32_evalplan.md:1262:    `admittedAlgebraBool`; require `0.75` bits `1061158912` for the term max and `0.25` bits
./papers/f32_evalplan.md:1285:- remove one old-namespace `DenseTensor` forwarding abbreviation: fixture 15 fails to elaborate;
./papers/f32_evalplan.md:1331:**Numbered fixture groups: 15; planned mutation cycles: 19**
./papers/f32_evalplan.md:1372:    `1048576000` and `1061158912` without truth-value coercion, and publish the expected f32 and bool
./papers/f32_evalplan.md:1383:15. Clone fixture 1 as a predicate-only native Float32 input map with no real-valued input names.
./papers/f32_evalplan.md:1426:- call the schedule-wide storage derivation from `ofDenseInputs32ForDecls`: fixture 15 defaults the
./papers/f32_evalplan.md:1478:   sixteen, leaving six producer-less/unreachable. Split the old combined “f32; dynamic shapes” row:
./papers/f32_evalplan.md:1525:| 2 — checked evidence | Can source specialization and direct raw-plan checking disagree, reject a valid real/bool graph, let f32 evidence reach an existing Float worker/adapter/JAX path, or admit an f32 zero-step block? | 25 | 33 + 1 sweep | High on the checker/evidence core (fixtures 1–21, 22/24's order checks) — this includes fixture 6's wiring-vs-storage-derivation order check, fixture 12's order/default reading distinction, fixtures 4/15's factor-index-locator checks, and the door-guard *order* fixtures 18, 20, 21, which pin a guard's position against another pre-existing check and are not mechanical; only fixture 23 and 22/25's pure existence checks are the Low/mechanical sweep — see below |
./papers/f32_evalplan.md:1526:| 3 — native worker | Does the shared carrier/traversal preserve Float behavior while every f32/bool intermediate rounds in binary32, and do the new f32 entries reject Float-backed evidence? | 16 | 15 | High: numerical truthfulness and shared-worker dispatch, including fixture 10's Iverson true/false branch-handling check |
./papers/f32_evalplan.md:1527:| 4 — named adapter | Do generic adapter/report shells preserve current APIs, f32-backed Boolean values, and warnings without letting either wrapper relabel another carrier? | 15 | 19 | High: public API and publication order — including fixture 10, which pins its f32 guards' position against `pack32`/`unpack32`/`runPreparedDense32`'s own pre-existing checks and is not mechanical; fixture 7's f32 warnings-propagation check; and fixture 9's hardcoded-algebra regression check, whose donor file's own comment names that recurring defect family |
./papers/f32_evalplan.md:1671:| 1 — source/legacy | `38964a8` (implementation + tests), `2030415` (review fix: fixtures 7 and 9 discriminate the guard's position) |
./papers/f32_evalplan.md:1680:The plan budgeted 86 (18/33/15/19/1). Three more were run than budgeted by Tasks 1–5, each for a
./papers/f32_evalplan.md:1690:| 3 | 15 | 15 | — |
./papers/f32_evalplan.md:1733:74 numbered groups planned (16/25/16/15/2); 74 delivered, plus Task 4's group 10 grown to four
./papers/f32_evalplan.md:1742:Each task ran its own targeted set, the four regression gates, and a full `lake build`. Final Task 5
./papers/f32_evalplan.md:1747:| Task 5 targeted — `Eval.Plan.ExecutableTest JaxExperiment` | Build completed successfully (8515 jobs) |
./papers/f32_evalplan.md:1779:produced recorded fix commits — Task 1's `2030415`, Task 2's `b0a2fe2` and `e26ae5a`, and Task 4's
./papers/f32_evalplan.md:1839:   Float-side fixture 21 did not fail. The symmetric fix is roughly six lines mirroring 10d. Not
./papers/f32_evalplan.md:1986:  all sixteen constructors and current throw sites corrected the boundary to 9 live / 7
./papers/f32_evalplan.md:2041:  `1061158912`, used to ensure f32-backed Boolean algebra preserves the current non-binary
./papers/f32_evalplan.md:2064:  blocking finding but identified four remaining clarity/coherence observations; those were batched
./papers/f32_evalplan.md:2080:  first review round with nothing to batch or resolve. A fourth frozen dual review of
./papers/f32_evalplan.md:2090:  re-deriving guard position. Resolved as one batch: those four fixtures were restored to individual
./papers/f32_evalplan.md:2097:- The five tasks contain 74 numbered fixture groups: 16/25/16/15/2 by task. A group is one named
./papers/f32_evalplan.md:2099:  the task headers and risk table. Their mutation lists expand to 18/33/15/19/1 = 86 independently
./papers/f32_evalplan.md:2106:  a fourth frozen dual review found it had overreached. The first pass folded seven fixture groups
./papers/f32_evalplan.md:2109:  door N because door N−1 already has one" fails only by omission. A fourth frozen dual review's
./papers/f32_evalplan.md:2129:  (the fourth round's correction) found the correction itself sound for all four restored fixtures
./papers/f32_evalplan.md:2132:  list named seven). It also re-applied the fourth round's own method — read each fixture's full text
./papers/f32_evalplan.md:2134:  which the fourth round's engineering-judgment lens had not done exhaustively, and found one further
./papers/f32_evalplan.md:2135:  instance of the same defect family the fourth round was reopened to fix: Task 2's fixture 6 asserts
./papers/f32_evalplan.md:2146:- A sixth review round applied a differently-scoped pass: rather than re-checking the storage-kind
./papers/f32_evalplan.md:2150:  exhaustively rather than to one family. This surfaced sixteen candidate gaps. Adjudicating each
./papers/f32_evalplan.md:2159:  confirmed); Task 2's fixture 4 and fixture 15 (both an original-vs-Iverson-filtered factor-index
./papers/f32_evalplan.md:2171:  plausible reading that would coincide with the correct one. Corrected totals: Task 1 15 → 18, Task
./papers/f32_evalplan.md:2172:  2 29 → 33 (the sweep is unchanged at one), Task 3 14 → 15, Task 4 17 → 19; plan-wide 76 → 86.
./papers/f32_evalplan.md:2184:  three rounds of edits. Between them they returned twelve findings, four blocking, every one of them
./papers/f32_evalplan.md:2187:  against" is false — six of the eight open with `checkPreparedBindings`, and
./papers/f32_evalplan.md:2208:  batch. Both lenses independently reconfirmed the 74 fixture groups and the 18/33/15/19/1 = 86 cycle
./leanncd/docs/superpowers/plans/2026-08-20-wave-f-f5-adversarial-audit-and-handoff.md:131:- **Modify:** `leanncd/test/Eval/Plan/ScanCompileTest.lean` — six existing assertions (two
./leanncd/docs/superpowers/plans/2026-08-20-wave-f-f5-adversarial-audit-and-handoff.md:132:  `duplicateAxisInLhs`, four `blockReadNotAvailable`) plus one new fixture (`partialAdvancingResult`
./leanncd/docs/superpowers/plans/2026-08-20-wave-f-f5-adversarial-audit-and-handoff.md:146:**Task count note:** four tasks. Task 1 (production payload fixes) and Task 2 (test-only mutation-
./leanncd/docs/superpowers/plans/2026-08-20-wave-f-f5-adversarial-audit-and-handoff.md:318:In `test/Eval/Plan/ScanCompileTest.lean`, four existing fixtures change. The "forward scratch read"
./leanncd/docs/superpowers/plans/2026-08-20-wave-f-f5-adversarial-audit-and-handoff.md:344:(each replacing its prior four-argument form, in the same order the fixtures already appear in the
./leanncd/docs/superpowers/plans/2026-08-20-wave-f-f5-adversarial-audit-and-handoff.md:475:the four `relu`-template generated cases, and nothing asserts its presence the way `scanFeatures`
./leanncd/docs/superpowers/plans/2026-08-20-wave-f-f5-adversarial-audit-and-handoff.md:582:Do not otherwise edit this paragraph — the rest of its claims (the `Structural.lean:15` exception, the
./leanncd/docs/superpowers/plans/2026-08-20-wave-f-f5-adversarial-audit-and-handoff.md:640:   organized by the same six categories `Error.lean`'s own doc comment already groups them into (state/
./leanncd/docs/superpowers/plans/2026-08-20-wave-f-f5-adversarial-audit-and-handoff.md:703:  stale four/three-argument construction survives anywhere (`grep -rn` for each constructor name
./papers/semantics/computable_reference_executor_plan.md:19:   for the four prototype commits, patch digests, symbols, observations, and
./papers/semantics/computable_reference_executor_plan.md:192:### 6.1 Common brief preamble: include in all four dispatches
./papers/semantics/computable_reference_executor_plan.md:205:Expected execution is a short exact replay, not four redesign exercises.
./papers/semantics/computable_reference_executor_plan.md:230:- Verify the four patch SHA256 values against the record/evidence; cross-check
./papers/semantics/computable_reference_executor_plan.md:232:  and evidence both contain all four tasks and the same final candidate tree.
./papers/semantics/computable_reference_executor_plan.md:426:| tagged-trace | RM.valuationP + CM.collision; 2 statements x 2 valuations, destination 1, publication-first | four tagged contributions `2,2,5,5`, then publish `14,0,0` | F1, F2 |
./papers/semantics/coordinate_ranks_finite_measure_plan.md:178:of all four new outputs INCLUDING dangling symlinks. It uses evidence, not the
./papers/semantics/coordinate_ranks_finite_measure_plan.md:189:| Patch 02 | `1c8a2151cd839ae72a1eb48784e5f7b71dcc5f1413b7371e34e6691bb815d74f` |
./papers/semantics/coordinate_ranks_finite_measure_plan.md:223:`72da5e2c126f15629dd09a91e5932461e69f52f4`,
./papers/semantics/coordinate_ranks_finite_measure_plan.md:224:`eebe0604f5524dfbd727714caecc4c152c31cc32`,
./papers/semantics/coordinate_ranks_finite_measure_plan.md:251:| 01 | coordinate ranks; finite measure | 0 / 0 | Families 1-10, not added yet | CR1-CR4, four |
./papers/semantics/coordinate_ranks_finite_measure_plan.md:257:construction definitions / nine instances, six cycles. These are prototype
./papers/semantics/coordinate_ranks_finite_measure_plan.md:273:Keep each fixture brief to <=3 families: groups 1-3, 4-6, 7-9, 10-12, 13-15,
./papers/semantics/coordinate_ranks_finite_measure_plan.md:276:These are bounded verification windows, not six redesign tasks or extra patches.
./papers/semantics/coordinate_ranks_finite_measure_plan.md:277:Do not bundle all 16 fixture constructions plus six cycles into an implementer.
./papers/semantics/coordinate_ranks_finite_measure_plan.md:427:| 15 | Clone `CM.duplicate` with `F.bad`: two distinct independently ready undefined tags | `twoBad`, `twoBadTarget`, `twoBadTag`, `twoBadInput`, `twoBadInitial`, `distinct_first_failures` |
./papers/semantics/coordinate_ranks_finite_measure_plan.md:439:The six mutations below are generic kernel-proof rejections; failures can arise
./papers/semantics/coordinate_ranks_finite_measure_plan.md:509:segments by the emitter. Evidence attributes six PASS cycles/restored builds;
./papers/semantics/coordinate_ranks_finite_measure_plan.md:510:controller must execute all six independently, not just validate their syntax.
./papers/semantics/coordinate_ranks_finite_measure_plan.md:525:Run after task commits for the clean restoration comparison. Require six
./papers/semantics/coordinate_ranks_finite_measure_plan.md:540:Full prototype logs report 17 warnings, targeted logs six. Not warning-free and
./papers/semantics/coordinate_ranks_finite_measure_plan.md:546:hashes, sequential checks, authorized-scope replay equality, actual six-cycle
./papers/semantics/computable_reference_executor_record.md:32:It has four tasks, four replay-tree entries, 22 fixture rows, the 28-cell audit,
./papers/semantics/computable_reference_executor_record.md:36:The controller subsequently regenerated it mechanically from the four-task
./papers/semantics/computable_reference_executor_record.md:37:evidence ledger. The current manifest and evidence agree on all four tasks and
./papers/semantics/computable_reference_executor_record.md:46:| 1 | 4a30ae0 | b1ffa7029d1c3e6a7748a938211ff658461c4c15 | 0a8abb37d8892a93b32794fd3249b5025841b6d6 |
./papers/semantics/computable_reference_executor_record.md:47:| 2 | b1ffa70 | d0bb9a7f275a57c3e321e1ddb5a6c144cef891d5 | ea92a8622e0d2864c0f15f3a126e2534cf6729f3 |
./papers/semantics/computable_reference_executor_record.md:48:| 3 | d0bb9a7 | 175c3d07f96196bdecfbc77bd2bfb7c968337c6c | ae0431c8d1519dcef0aacc92afc8a4d7268367ff |
./papers/semantics/computable_reference_executor_record.md:49:| 4 | 175c3d0 | be51d96c66c5f823754fd493b39e669237f30258 | 2eed13a7d4b1b354ad150ab489b3746279070180 |
./papers/semantics/computable_reference_executor_record.md:51:Evidence marks all four replay trees matching. Phase B independently recomputed
./papers/semantics/computable_reference_executor_record.md:52:all four patch SHA256 values and observed equality with the evidence:
./papers/semantics/computable_reference_executor_record.md:58:| [03.patch](computable_reference_executor_patches/03.patch) | 60c969e5fbb2bc701dbd419be77d4e30d4ea78169688744783d6415839243ed6 |
./papers/semantics/computable_reference_executor_record.md:59:| [04.patch](computable_reference_executor_patches/04.patch) | 153a7339587108557ebda519a9ac400fcd9cf7fe2a4fd7f0fba89e4a523db548 |
./papers/semantics/computable_reference_executor_record.md:66:| [manifest.json](computable_reference_executor_patches/manifest.json), after controller reconciliation | 94e51519f1021fe3c1a51c58bef6679cd22d635016e0f8e92e47e65c804409e7 |
./papers/semantics/computable_reference_executor_record.md:147:- Reconstructed every intermediate tree from the base and exact four patches
./papers/semantics/computable_reference_executor_record.md:149:- Independently checked/applied all four patches to the prepared replay,
./papers/semantics/computable_reference_executor_record.md:224:cycles are scheduled after all four patches.
./papers/semantics/computable_reference_executor_record.md:233:Patch inspection supports the four organizing layers:
./papers/semantics/computable_reference_executor_record.md:321:- All four patch digests still match the original evidence after document creation.
./papers/semantics/computable_reference_executor_record.md:337:All four patch SHA256 values, evidence entries, commit/tree/parent links, and
./papers/semantics/computable_reference_executor_record.md:401:new axiom declarations. The six printed audits (`select_none_iff`,
./papers/semantics/computable_reference_executor_record.md:443:The final fidelity fix-verification follow-up reported four turns against its
./papers/semantics/expression_readiness_execution_record.md:23:- All four ordered `git apply --check` operations passed against the actual
./papers/semantics/expression_readiness_execution_record.md:26:  exact replay across all 15 delivered paths at `64e3aa5`. The branch's code,
./papers/f32_jax_record.md:13:| `lake build JaxExperiment Eval.Plan.ExecutableTest` (after step 3 edits) | 8,515 | green | green |
./papers/f32_jax_record.md:19:## 2. Mutation manifest (`mutation-manifest.sh --task 1`, 15 cycles, run on the patched tree before step 3)
./papers/f32_jax_record.md:37:| J15 (affine Iverson rejection dropped) | yes | yes | yes | PASS |
./papers/f32_jax_record.md:39:15/15 cycles passed.
./papers/f32_jax_record.md:43:`mutation-manifest.sh leanncd papers/f32_jax_mutations_post.json J12 J15 J3`:
./papers/f32_jax_record.md:49:| J15 (affine Iverson rejection dropped) | yes | yes | yes | PASS |
./papers/f32_jax_record.md:82:| Iverson factor | F storage (EPC `f32IversonPrepared?`, `generateNamed .einsumOnly`; J8) | **F `iversonFactor 0 0 1`** at `generateNamed .affineReference`, `lowerCheckPlanToCandidate`, EPC `f32IversonPrepared?` (J15) | verified |
./papers/f32_jax_record.md:150:  generation_seconds=18.627 eager_seconds=508.287 jit_seconds=5.415`. Counts and bytes match the
./papers/f32_jax_record.md:156:Generated ...generated_evalplan_affine_smoke32.py: 7 named + 8 assign + 2 positional + 39 corpus (stride 100 of 3832)
./papers/f32_jax_record.md:262:  these six are historical text with no adjacent update line).
./papers/f32_jax_record.md:270:this phase; `--check` first: "15 entries, 15 selected, every old-string unique".
./papers/f32_jax_record.md:288:| J15 (affine Iverson rejection dropped) | yes | yes | yes | PASS |
./papers/f32_jax_record.md:290:15/15 cycles passed. `git status` afterwards showed no leftover mutation (only this phase's edits).
./papers/f32_jax_record.md:294:- Task 1 (sections 1-5): storage-keyed gates and `orderedReference32`; 15/15 mutation cycles, J12/J15/J3
./papers/f32_jax_record.md:299:- Task 2 phase 2: caveat sweep, binary32 README subsection, boundary docs; final manifest 15/15.
./papers/f32_jax_record.md:303:| `lake build JaxExperiment Eval.Plan.ExecutableTest` (before the manifest) | 8,515 | green |
./papers/f32_jax_record.md:320:  (`wc -l` still 1991 / 1887), `lake build JaxExperiment Eval.Plan.ExecutableTest` was green (8,515 jobs),
./papers/f32_jax_record.md:322:  manifest re-ran: 15/15 PASS, no leftover mutation.
./leanncd/docs/superpowers/plans/2026-07-03-s0-act-definability-spike.md:31:(`LeanNCD/Core/Graded.lean:27`; instance hole at `LeanNCD/Instances/StBr.lean:15`).
./leanncd/docs/superpowers/plans/2026-07-03-s0-act-definability-spike.md:148:| 15 | `tensor_assoc_coh` | `BrMorph.tensor_assoc_heq` (template exists) | hard (cast) |
./leanncd/docs/superpowers/plans/2026-07-03-s0-act-definability-spike.md:189:| `Rel` well-definedness (21 cases; ~8 trivial, ~8 medium, ~5 hard-cast w/ templates) | ~150–250 lines |
./papers/semantics/collection_model_plan.md:266:Patch windows: 1-52, 53-103, 104-155, 156-204; keep source windows 40-60 lines.
./papers/semantics/collection_model_plan.md:361:| F15 theorem `nonoutput_not_model` | Internal `7` violates zero equation; proof compiled | NEW internal store; zero-statement role tensor | M12 |
./papers/semantics/collection_model_plan.md:362:| F16 theorem `admissible_not_model` | Admission does not imply equations; proof compiled | Clone F15 plus `role_admitted` | M12 |
./papers/semantics/collection_model_plan.md:370:F15-F18 distinguish admission, nonoutput equations, a model, and a fixed point.
./papers/f32b_evalplan.md:44:   use. For `gelu` these are `0x3f4c422a` (√(2/π)) and `0x3d372713` (0.044715). For
./papers/f32b_evalplan.md:106:  update makes the libm correctly rounded on all four lanes, the fixture fails loudly and names
./papers/f32b_evalplan.md:216:  That is six sites. The `.identity` arm and the scatter arm already use
./papers/f32b_evalplan.md:266:- `geluT`: `0.5 * x * (1.0 + Float.tanh (0.7978845608028654 * (x + 0.044715 * x^3)))`, where `x^3`
./papers/f32b_evalplan.md:306:| `sigmoid` at `0.7f` (`1060320051`) and at `1058161516` | `1059786330`, `1059297860` | `1059786331`, `1059297859` | `exp`: 0.0069, 0.018 |
./papers/f32b_evalplan.md:307:| `gelu` at `-1.1875` (`3214409728`) | `3188661568` | `3188661569` | `powf` exact (19³/16³); `tanh` 0.0135 |
./papers/f32b_evalplan.md:308:| `leakyrelu` at `-1.25` (`3214934016`) | `3159149772` | `3159149773` | none (one ×) |
./papers/f32b_evalplan.md:312:| `normalize` along axis 1 of `[[2²⁴, 1], [1, 1]]` | `[1065353216, 864026624, 1056964608, 1056964608]` | `[1065353215, 864026623, 1056964608, 1056964608]` | none |
./papers/f32b_evalplan.md:318:  1061115551]`. A right-fold sum gives `[1031490511, 1031490511, 1040514972, 1061115550]`, and
./papers/f32b_evalplan.md:344:libm witness lanes, where native ≠ narrowed on this platform. Each is four binary32 inputs with
./papers/f32b_evalplan.md:345:their native outputs, and all four lanes differ from narrowed by one ulp:
./papers/f32b_evalplan.md:349:| `exp` | `1048801280, 1049583616, 1051496448, 1051680768` | `1067808354, 1068064150, 1068715284, 1068780010` |
./papers/f32b_evalplan.md:350:| `log` | `1065353222, 1065353236, 1065353244, 1065353288` | `893386747, 908066803, 912261095, 923795415` |
./papers/f32b_evalplan.md:352:| `cos` | `1050177536, 1058869248, 1060933632, 1062293504` | `1064615103, 1062293444, 1061004150, 1060050850` |
./papers/f32b_evalplan.md:353:| `tanh` | `1048600576, 1048842240, 1049923584, 1049960448` | `1048281192, 1048655277, 1049659241, 1049693157` |
./papers/f32b_evalplan.md:440:  , geluScale := 0.7978845608028654, geluCubic := 0.044715, leakSlope := 0.01
./papers/f32b_evalplan.md:447:    primitive (`expf`/`tanhf`/`sqrtf`/`powf` for the four transcendentals). -/
./papers/f32b_evalplan.md:767:**Guards before admission.** This is F32-A's Task 2 ordering discipline. Within Task 3, the four
./papers/f32b_evalplan.md:811:| f32 nonlinearity/unary inside a scan block | **forbidden** — Step 0c `"{nm}: f32 scan"` (existing 15(d)) | **forbidden** — `f32UnsupportedStep i .scan`; `checkPlanBlock` `storageKindNotAdmitted .float32` | **(c)** — `runDenseBlock` calls the Float nonlinearity workers; safe because `checkPlanBlock` never admits `.float32` and those workers now guard too. **F32-C** | none | none | **forbidden** | **forbidden** |
./papers/f32b_evalplan.md:812:| f32 unary/nonlinearity in a top-level scatter | **forbidden** — `"{nm}: f32 scatter"` (existing 15(c)) | **forbidden** — `f32UnsupportedStep i .scatter` | **(c)** — `runDenseScatter` gathers through the Float `denseValueAt` only; safe because `checkPlan` refuses the step kind. **F32-D**, closed by F32-D (see `f32d_evalplan.md` §4) | none | none | **forbidden** | **forbidden** |
./papers/f32b_evalplan.md:835:| `.plain (.scatter …)` arm; `scatterFillOrFail`'s `.f32 _ => false` | no — Step 0c scatter arm | **(c)**, guarded by Step 0c. **F32-D**, closed by F32-D (see `f32d_evalplan.md` §4) | existing CompileTest 15(c), FW2 |
./papers/f32b_evalplan.md:836:| `compileScan` base/step nonlinear result slots, literal `.f64` | no — Step 0c scan arm | **(c)**, guarded by Step 0c. **F32-C** must switch both to `destDtype` | existing CompileTest 15(d) |
./papers/f32b_evalplan.md:855:own claims were accurate at authoring time and remain accurate after all four tasks landed.
./papers/f32b_evalplan.md:864:(four lanes per op took well under a minute). Witness fixtures are the **only** fixtures in this
./papers/f32b_evalplan.md:936:  , (.tanh,      #[13829187916169686510, 9223372036854775808, 4603618880536915601,
./papers/f32b_evalplan.md:938:  , (.gelu,      #[13817306155275007250, 9223372036854775808, 4602954170467180171,
./papers/f32b_evalplan.md:939:                   4611481544619399846, 9221120237041090560])
./papers/f32b_evalplan.md:956:      #[4596233848715572764, 0, 4607007505076573091]) ]
./papers/f32b_evalplan.md:1002:lanes `L = [1060320051 (0.7f), 1058161516, 3214409728 (-1.1875), 3214934016 (-1.25), 2147483648
./papers/f32b_evalplan.md:1006:  `gelu` lane 2 (values in §2.6), and `leakyrelu` lane 3, `3159149772` against narrowed
./papers/f32b_evalplan.md:1007:  `3159149773`.
./papers/f32b_evalplan.md:1027:1.6 **unary domain parity.** Donor: none (new). For all six ops and the nine boundary bit patterns
./papers/f32b_evalplan.md:1056:  four discriminating lanes return their narrowed bits and fail.
./papers/f32b_evalplan.md:1066:- **M12a–d** (four cycles). `applyChecked32 .exp`/`.log`/`.sin`/`.cos` independently computed as
./papers/f32b_evalplan.md:1105:   clauses, not four; update the core's doc comment accordingly.
./papers/f32b_evalplan.md:1118:evidence, for all six ops. Keep the binary64 control.
./papers/f32b_evalplan.md:1128:2.4 Worker witnesses (platform). Donor: `unaryPlan op 0` retagged, store = §2.6's four witness
./papers/f32b_evalplan.md:1129:lanes for each of `exp`, `log`, `sin`, `cos`. Use block 5's `witness` pattern: run the four-lane
./papers/f32b_evalplan.md:1149:2.8 Donor: CompileTest fixture 15(b) (`f32UnaryProg`). Flip it to acceptance:
./papers/f32b_evalplan.md:1167:`1065353216`, which is observed `[1067808354, 1068064150, 1065353216]`. As in 1.8, record those
./papers/f32b_evalplan.md:1170:`[1067808353, 1068064151, 1065353216]`. The materialized dtype is `.f32`.
./papers/f32b_evalplan.md:1226:1. Write the four worker guards and fixtures 3.4 and 3.5 first (§3.3, "Guards before admission").
./papers/f32b_evalplan.md:1254:-- ... and the binary32 worker runs the same evidence natively (lanes 0.7f, bits 1058161516, -1.25).
./papers/f32b_evalplan.md:1257:      #[⟨[3], #[1060320051, 1058161516, 3214934016].map Float32.ofBits⟩]).toOption.map
./papers/f32b_evalplan.md:1302:`EvalPlan32Test.runGraph32`/`bitsAt` with `X = [1060320051, 1058161516]`. Slot 2 must be
./papers/f32b_evalplan.md:1308:`[1065353215, 864026623, 1056964608, 1056964608]`. This also pins row grouping along a non-leading
./papers/f32b_evalplan.md:1328:- **M1–M4** (four cycles, independently). Move each of `runDensePointwise`'s, `runDenseAxiswise`'s,
./papers/f32b_evalplan.md:1375:4.1 Donor: CompileTest fixture 15(a) (`f32AxiswiseProg`). Flip it to acceptance:
./papers/f32b_evalplan.md:1405:j : ℕ = 1`, and `tensor f32 W(i, j), x(j), H(i)`. `W = [1060320051, 1058161516]` and `x = [1]`.
./papers/f32b_evalplan.md:1428:  .f64))`. These are the third site of each arm. Without them, two of the six hard-coded sites
./papers/f32b_evalplan.md:1496:| 2 — unary | Is the payload the gathered value's own bits at its own slot, and does a domain failure keep its warnings through the named runner? | 11 | 6 | Moderate. Small production diff, but four locator/payload fixtures, each with a distinguishing construction, plus the first `.execution` warnings pin |
./papers/f32b_evalplan.md:1497:| 3 — checked nonlinearity | Can binary32 nonlinearity evidence reach a Float worker, or Float evidence a binary32 worker, and does each guard precede the store check? | 11 | 11 | **High.** New members of F32-A's §3.5 family; four order-pinning guard cycles; the table A deliverable |
./papers/f32b_evalplan.md:1611:| 3 — checked nonlinearity | `3157f3a` (check and run binary32 pointwise and axiswise natively), `ab32c4f` (record binary32 nonlinearity evidence and workers in Eval AGENTS) |
./papers/f32b_evalplan.md:1654:Each task ran its own targeted set, the four regression gates, and (this task) a full `lake build`
./papers/f32b_evalplan.md:1662:The binary64 reference corpora are **unchanged across all four implementation tasks and this
./papers/f32b_evalplan.md:1691:All four tasks landed clean (no Critical or Important finding at any stage). §6.4 requires **two**
./papers/f32b_evalplan.md:1698:coverage gap and three Minor findings, and all four are closed in §6.5.7.) Task 5's own tables-A/B re-verification and §2.6/§4.5 spot-checks (this section, and
./papers/f32b_evalplan.md:1702:Minor findings carried into this task's triage (from the four tasks' ledger entries), and their
./papers/f32b_evalplan.md:1738:  flagged as generic. **Fixed**: all six are confirmed (repo-wide grep) to have zero cross-file
./papers/f32b_evalplan.md:1740:  2's fixtures do reuse qualified — so the six were scoped `private`, a clean, low-risk change.
./papers/f32b_evalplan.md:1817:findings. All four are closed. Commits: `d5994c7` (the gap) and `753f8d5` (the Minors).
./papers/f32b_evalplan.md:1840:| `geluPowLanes` | `1061450927, 1064289633, 1065046830, 1065471434` | `1058598916, 1061545720, 1062357744, 1062945309` | one ulp off on every lane |
./papers/f32b_evalplan.md:1872:unsupportedAgg=0`, both unchanged. The four touched test modules also built green as their own
./papers/f32b_evalplan.md:1885:  - `gelu(-1.1875)` is `3188661568` against `…569`;
./papers/f32b_evalplan.md:1886:  - `leakyrelu(-1.25)` is `3159149772` against `…773`.
./papers/f32b_evalplan.md:1921:- **Plan Lean blocks.** The six ```` ```lean ```` blocks of this document, concatenated in order,
./papers/f32b_evalplan.md:1948:  literal, are both `1061962282` (`0x3f4c422a`). `0.044715` gives `1027024659` (`0x3d372713`) both
./papers/f32b_evalplan.md:1987:  `CompileTest` fixtures 14/15/17 and `f32IdentitySched`/`f32IdentitySig`, `EvalPlan32Test.runGraph32`/
./papers/f32b_evalplan.md:1995:- **Inherited claims re-derived.** §2.7's four F32-A gaps, the `CapabilityError` 10/16/6 count
./papers/f32b_evalplan.md:2010:- **All six Lean blocks**, concatenated by the awk command above: compile, including the golden
./papers/f32b_evalplan.md:2035:- **Six hard-coded binary64 sites.** Reading `prepareEvalPlan` Step D confirms six: in each of the
./papers/f32b_evalplan.md:2104:  agree in §4, §5, §7, and the handoff. All six Lean blocks compile (awk command above). Every
./leanncd/LeanNCD/Semantics/AGENTS.md:75:four differential legs with explicit refusals and evidence-limited localization.
./papers/wave_f_scanplan_proposal.md:57:The worker's four-phase semantics ([§9](#9-general-dense-scan-semantics)) applies uniformly to any
./papers/wave_f_scanplan_proposal.md:84:- [15. Wave C planning lessons applied](#15-wave-c-planning-lessons-applied)
./papers/wave_f_scanplan_proposal.md:190:Dense scan worker in four sequential phases:
./papers/wave_f_scanplan_proposal.md:914:Use four layers:
./papers/wave_f_scanplan_proposal.md:993:15. records only persistent state names in `materializedNames`.
./papers/wave_f_scanplan_proposal.md:1413:| Outputs (complete histories only) | every `evalScan` fixture in this file and in `RecurrenceTest.lean` (`evalScan`'s own final `return stateNames.filterMap ...`, `Scan.lean:115`) |
./papers/wave_f_scanplan_proposal.md:1513:and the four-phase worker in Section 9 as one executable vertical slice. Migrate `RawEvalPlan.steps`
./papers/wave_f_scanplan_proposal.md:1543:**F3 completion record (2026-08-15).** Landed as three new modules — `Eval.Plan.RawStep`
./papers/wave_f_scanplan_proposal.md:1548:`checkScanPlan`/`CheckedScanPlan`, mixed-radix rank/unrank, and the four-phase dense worker
./papers/wave_f_scanplan_proposal.md:1557:test target). Tests: a new `test/Eval/Plan/ScanTest.lean` (1,309 lines across six parts — structural
./papers/wave_f_scanplan_proposal.md:1596:**Final whole-branch review (2026-08-15), one fix wave.** The review found one further Critical
./papers/wave_f_scanplan_proposal.md:1612:`private mk ::` compile-failure privacy test this project requires of every checked type (§15),
./papers/wave_f_scanplan_proposal.md:1625:**Sibling gap closed in the same wave (2026-08-15): an out-of-range PINNED base-write literal.**
./papers/wave_f_scanplan_proposal.md:1678:  characterized follow-up rather than chased through a fourth fix round.
./papers/wave_f_scanplan_proposal.md:1691:error: experiments/jax_bridge/EvalPlanCodegen.lean:489:15: Application type mismatch: ... AssignPlan ... expected ... PlanStep ...
./papers/wave_f_scanplan_proposal.md:1736:and the documentation commit carrying this record — six implementation/test commits plus this one,
./papers/wave_f_scanplan_proposal.md:1765:(`EvalPlan.lean`); `CapabilityError.noAdvancingAxis`; and the six-phase `compileScan`. `.scanPre`
./papers/wave_f_scanplan_proposal.md:1816:four cases into the accepted column, and the max/min-aggregation thread admitted `.max`/`.min` and
./papers/wave_f_scanplan_proposal.md:1817:moved the final four). All accepted programs pass the three-way
./papers/wave_f_scanplan_proposal.md:1883:(`RawStep.lean`) and item 8 is built (`PlanStep.sourceSlots`/`destinationSlots`, `EvalPlan.lean:39`
./papers/wave_f_scanplan_proposal.md:1906:  (`LeanNCD/DSL/Pipeline/Structural.lean:686-720`) as its fourth phase, and — critically — it runs
./papers/wave_f_scanplan_proposal.md:1932:- `compileScan` is roughly 375 lines in a single `do` block with about fifteen mutable accumulators;
./papers/wave_f_scanplan_proposal.md:1942:  `pack`-succeeds-implies-`runDensePlan`-succeeds check over four scan shapes, not by a live failure.
./papers/wave_f_scanplan_proposal.md:1958:  recurrence) exists only because the four `relu` generated cases produce it. Nothing asserts its
./papers/wave_f_scanplan_proposal.md:1984:`82c2175` (Task 2), `dc29155` (Task 3), and `7bb51dc` + `f791989` + the commit carrying this record
./papers/wave_f_scanplan_proposal.md:1985:(Task 4) — six documentation/fix commits, on top of the plan-authoring commit `59fd796` that precedes
./papers/wave_f_scanplan_proposal.md:1999:three-/four-argument construction survives anywhere in `leanncd/`.
./papers/wave_f_scanplan_proposal.md:2013:*Documentation corrected* (`dc29155`, Task 3). `DSL/AGENTS.md`'s claim that `Eval/*` never imports
./papers/wave_f_scanplan_proposal.md:2031:Structure lists was touched across all four tasks: the eight files changed since `59fd796` by Tasks
./papers/wave_f_scanplan_proposal.md:2034:exactly the union of Tasks 1-3's own Files lists; Task 4 itself touched exactly its own four named
./papers/wave_f_scanplan_proposal.md:2045:Task 4 later moved all four `unsupportedNonlin` cases into the accepted column, and the
./papers/wave_f_scanplan_proposal.md:2046:max/min-aggregation thread moved all four `unsupportedAgg` cases too; the assertion now
./papers/wave_f_scanplan_proposal.md:2130:## 15. Wave C planning lessons applied
./papers/semantics/source_correspondence_record.md:6:exactly 18 generated programs, 39/39 implementation mutation cycles, and the
./papers/semantics/source_correspondence_record.md:21:Its six tasks specify the first complete slice, not several future slices.
./papers/semantics/source_correspondence_record.md:48:| [3: Tests/integration](source_correspondence_patches/0003-test-semantics-verify-rational-source-correspondence.patch) | `a0a4305dd9f903e9dad7544156ccbe2826dc6509f6e488f42f2f040a132e92e0` |
./papers/semantics/source_correspondence_record.md:100:The six cycles in [mutations.json](source_correspondence_artifacts/mutations.json)
./papers/semantics/source_correspondence_record.md:112:and 39 implementation cycles are unobserved. They have no completed receipt
./papers/semantics/source_correspondence_record.md:114:verified before readiness; the six retained contrast cycles are not relabeled.
./papers/semantics/source_correspondence_record.md:172:actual generalized proof, typed diagnostics/four-leg numerical profile, all new
./papers/semantics/source_correspondence_record.md:183:Automated checks passed for the plan's 79 fixture rows by task (8/18/12/8/15/18),
./papers/semantics/source_correspondence_record.md:184:39 planned cycle counts (4/8/6/4/8/9), existing relative link targets, absence of
./papers/semantics/source_correspondence_record.md:216:  79 fixture entries, 39 proposed cycles, and 18 distinct corpus candidates:
./papers/semantics/source_correspondence_record.md:290:contained **four of the planned 39** implementation cycles. The controller ran all four
./papers/semantics/source_correspondence_record.md:298:kills**, not runtime differential-fixture kills or the historical six input
./papers/semantics/source_correspondence_record.md:323:| A15/A16 | Exact length rejects `6/5`; simultaneous shape/length violation reports `[2, 3]/[3, 2]` before length |
./papers/semantics/source_correspondence_record.md:332:bindings, and shape/length bypass. The post manifest now has **12 of 39**
./papers/semantics/source_correspondence_record.md:354:to the 39-cycle post manifest. The targeted re-review confirms both HIGH
./papers/semantics/source_correspondence_record.md:386:The post manifest now has **18 of 39** planned cycles; **38 of 79** planned
./papers/semantics/source_correspondence_record.md:391:T4 work, and source-linked diagnostics/four-leg comparison remains T5 work.
./papers/semantics/source_correspondence_record.md:436:All **four** T4 post cycles passed expected diagnostics, byte-identical restore,
./papers/semantics/source_correspondence_record.md:443:Verified planned totals are now **46/79 fixtures** and **22/39 cycles**, plus
./papers/semantics/source_correspondence_record.md:461:including 2,097,154 bounded signed-integer encoding comparisons.
./papers/semantics/source_correspondence_record.md:466:available. `Differential.compareSource` composes all four legs and retains
./papers/semantics/source_correspondence_record.md:467:every refusal. Its smoke achieved **7/7** strict four-leg donor agreements and
./papers/semantics/source_correspondence_record.md:472:All **15** D entrypoints passed the controller aggregate: **8,562 jobs**.
./papers/semantics/source_correspondence_record.md:474:source/backend failures. D14 never guesses native internal causes; D15 checks
./papers/semantics/source_correspondence_record.md:484:and restored builds. The complete post total is now **30/39**.
./papers/semantics/source_correspondence_record.md:511:deterministic programs: two scalar factor-count cases and sixteen rank/extent/
./papers/semantics/source_correspondence_record.md:513:four-leg parity. The final aggregate passed **8,564 jobs**.
./papers/semantics/source_correspondence_record.md:538:The post manifest contains all **39 observed planned cycles**, with expected
./papers/semantics/source_correspondence_record.md:546:without launching a duplicate run. Its terminal table reports **39/39 PASS**:
./papers/semantics/source_correspondence_record.md:549:proof-protected kills and 21 executable-fixture kills**, not 39 runtime
./papers/semantics/source_correspondence_record.md:550:differential samples. The six historical input contrasts were independently
./papers/semantics/source_correspondence_record.md:559:`3d057e1f9a0894dd7318ba28fae50b7d89dc8015`. Lens 1 covers binding, elaboration,
./papers/semantics/source_correspondence_record.md:578:The fresh six-patch series is replayed in task order from `d0f8462` with an
./papers/semantics/source_correspondence_record.md:595:arbitrary rationals; strict four-leg comparison requires the checked bounded
./papers/scan_route.md:76:An axiomatic formulation is useful for four reasons.
./papers/scan_route.md:95:This aligns with Gavranovic et al. (arXiv:2402.15332): architectures are presented by
./papers/scan_route.md:977:`HasRoute` axiomatizes the route generator with all four axioms as fields:
./docs/superpowers/specs/2026-07-17-e1-production-migration-specs-design.md:106:`Stmt.uids_eq`/the six bridge lemmas/the `SPIKE EXCEPTION` markers in `Structural.lean` —
./papers/semantics/coordinate_ranks_finite_measure_execution_record.md:52:- All four published patch/manifest hashes matched exactly.
./papers/semantics/coordinate_ranks_finite_measure_execution_record.md:62:- The four new modules matched the required blob IDs below, before and after
./papers/semantics/coordinate_ranks_finite_measure_execution_record.md:68:| Patch 02 | `1c8a2151cd839ae72a1eb48784e5f7b71dcc5f1413b7371e34e6691bb815d74f` |
./papers/semantics/coordinate_ranks_finite_measure_execution_record.md:75:| `Measure.lean` | `72da5e2c126f15629dd09a91e5932461e69f52f4` |
./papers/semantics/coordinate_ranks_finite_measure_execution_record.md:76:| `Progress.lean` | `eebe0604f5524dfbd727714caecc4c152c31cc32` |
./papers/semantics/coordinate_ranks_finite_measure_execution_record.md:96:| 03 | `Semantics.RankedMachineTest LeanNCD.Semantics` build passed. Donors/discriminators, all 16 families, semantic import/default Tests wiring, bounded docs, declaration counts and proof inventories reviewed: **approved**. All six cycles subsequently executed. |
./papers/semantics/coordinate_ranks_finite_measure_execution_record.md:165:`Classical.choice`, and `Quot.sound` occur, exactly as expected. The four
./papers/semantics/coordinate_ranks_finite_measure_execution_record.md:207:build reported six warnings. The other 14 full-build warnings are inherited
./papers/semantics/coordinate_ranks_finite_measure_execution_record.md:233:| Replay/fixture/process safety | `fc55fed1-741d-432a-a138-eabc7e4615d2` | APPROVE: all eight paths; no actionable replay/fixture/discovery/process defects |
./papers/semantics/tensor_logic_semantic_core_spike_record.md:103:All four interpretations use the same `Expr`, `evalWith`, and stability
./papers/semantics/tensor_logic_semantic_core_spike_record.md:139:of the four-element finite coordinate domain merely because its matrix ranks
./leanncd/docs/superpowers/plans/2026-08-26-nonlinearity-t2-route-corpus.md:379:one asserts what its name claims — in particular that the four opaque classes are not quietly
./leanncd/docs/superpowers/plans/2026-08-26-nonlinearity-t2-route-corpus.md:462:| G3–G15 | the 13 per-family counts | 32, 24, 9, 8, 8, 8, 8, 8, 8, 8, 8, 8, 8 |
./leanncd/docs/superpowers/plans/2026-08-26-nonlinearity-t2-route-corpus.md:532:   `routeOf`, `acsetOf`, and the four `enable…Mutation` toggles — cycles are production mutations.
./leanncd/docs/superpowers/plans/2026-08-26-nonlinearity-t2-route-corpus.md:546:| 15–16 | `scale-read`, `shift-read` | clone `LoweringTest`'s strided read, change **only** the `IdxExpr` to `.scale 2 i` / `.shift i 1` |
./leanncd/docs/superpowers/plans/2026-08-26-nonlinearity-t2-route-corpus.md:557:| P4 | **opacity, 4 pairs**: `causal-mask` vs `negated-causal-mask`, `band-iverson` vs `negated-band-iverson`, `tensor-metadata` vs `predicate-metadata`, `scan-pre-operation` vs `scan-pre-output-weave` each have **equal** routes and **equal** ACSet encodings despite differing physical payloads. Documented in the module as *the current projection omits this field*, explicitly **not** semantic equivalence | all four `true` |
./leanncd/docs/superpowers/plans/2026-08-26-nonlinearity-t2-route-corpus.md:565:| 3 | in `physicalizeOne`, rewrite the consumer's `nonlin` tag | P2 and P3 on all four pointwise + both axiswise fixtures |
./leanncd/docs/superpowers/plans/2026-08-26-nonlinearity-t2-route-corpus.md:654:   accounting; that the four opacity pairs are described as projection omission and never as
./leanncd/docs/superpowers/plans/2026-08-26-nonlinearity-t2-route-corpus.md:703:- The four opacity pairs are shown route- and ACSet-equal and are documented as projection omission,
./leanncd/docs/superpowers/plans/2026-10-04-f32-flip-slice2.md:14:**Process path: Full.** The change is four production lines, but it moves a precision default under
./leanncd/docs/superpowers/plans/2026-10-04-f32-flip-slice2.md:23:(plus one measuring dispatch if it must be split), T6b 1 small (Direct-sized, 10-15 turns), T7 1 small.
./leanncd/docs/superpowers/plans/2026-10-04-f32-flip-slice2.md:24:T1 stays one dispatch and now includes the 1e fixture (~10-15 of its turns). Each dispatch peaks at <= ~250k context
./leanncd/docs/superpowers/plans/2026-10-04-f32-flip-slice2.md:45:**The production change is exactly these four one-line flips (plus docstrings):**
./leanncd/docs/superpowers/plans/2026-10-04-f32-flip-slice2.md:61:STOPS the slice: report it, do not widen the production diff beyond these four sites.
./leanncd/docs/superpowers/plans/2026-10-04-f32-flip-slice2.md:94:- NO CODE change under `leanncd/LeanNCD/` beyond the four flips. Comment, docstring and `AGENTS.md`
./leanncd/docs/superpowers/plans/2026-10-04-f32-flip-slice2.md:197:`leanncd/test/Eval/Plan/Scatter32OracleTest.lean`. `ScatterCompileTest` has about four
./leanncd/docs/superpowers/plans/2026-10-04-f32-flip-slice2.md:298:4. AFTER the edits re-run each driver the same way; pass = the driver's own success line. Commit `experiments(leanncd): jax_bridge drivers spell f64 under the flip`. Expected 10-15 turns.
./leanncd/docs/superpowers/plans/2026-10-04-f32-flip-slice2.md:340:Commit: `docs(leanncd): document the binary32 default`. Expected 15-25 turns.
./leanncd/docs/superpowers/plans/2026-10-04-f32-flip-slice2.md:369:   ("Making `f32` the default comes last"): "LANDED, <date>: slice 2 of the flip; the four sites;
./leanncd/docs/superpowers/plans/2026-10-04-f32-flip-slice2.md:372:   not prose). Commit: `docs(f32-flip-slice2): close-out record`. Expected 10-15 turns.
./leanncd/docs/superpowers/plans/2026-10-04-f32-flip-slice2.md:424:| T6b jax_bridge drivers | n/a (outside every gate) | no | 10-15 | ad hoc compiles are the only gate; a driver may not be re-spellable without changing meaning |
./leanncd/docs/superpowers/plans/2026-10-04-f32-flip-slice2.md:425:| T7 docs | n/a | no | 15-25 | injected-section sizes of three AGENTS nodes unmeasured |
./leanncd/docs/superpowers/plans/2026-10-04-f32-flip-slice2.md:427:| T9 close-out record | n/a | no | controller, 10-15 | numbers moved by Task 8 measurements |
./papers/eval_ir.md:22:    - [3.1.5 Result reporting](#315-result-reporting)
./papers/eval_ir.md:118:other: every one of these six entry points checks the plan's `storageKind` before touching a buffer
./papers/semantics/expression_readiness_plan.md:166:not a fourth semantic task. Confirm the prepared hook remains about 3k characters
./papers/semantics/expression_readiness_authoring_record.md:72:All four patch SHA-256 values matched the evidence during dispatch B:
./papers/semantics/expression_readiness_authoring_record.md:149:The other six are axis-order inequality, two exact reduction clauses, independent
./papers/semantics/expression_readiness_authoring_record.md:159:42 versus 28; Cartesian value 14 and six reads; selected/array-primitive values 6/8;
./papers/semantics/expression_readiness_authoring_record.md:230:  tokens at `2026-10-06T19:15:24.548Z`, above the approximately 250k target.
./papers/semantics/expression_readiness_authoring_record.md:243:The semantic/proof reviewer inspected the plan, record, all four patches,
./papers/codebase.md:231:- **`.construct_broadcasted()`** — the critical path: expands a `Broadcasted` into the input-weave → reindexing → operator → output-weave pipeline. Directly executes the four-ingredient structure of Def 13: (1) apply input weaves (permute axes to canonical form), (2) apply reindexings $\eta_i$ (index into tiling axes), (3) run the base operator $f$, (4) apply output weaves.
./papers/pytorch_compilation.md:97:four fields:
./papers/pytorch_compilation.md:442:### The four strategies
./papers/pytorch_compilation.md:622:Each node has four fields:
./docs/superpowers/specs/2026-07-15-e1-traverseaxes-boolexpr-design.md:3:**Status:** approved 2026-07-15. Feeds `writing-plans`.
./papers/semantics/lean_executable_semantics_path.md:107:proofs, execution-backed whole-store equations, typed diagnostics, and four-leg
./papers/semantics/lean_executable_semantics_path.md:108:comparison. All 79 named fixtures, exactly 18 generated programs, 39/39
./papers/semantics/lean_executable_semantics_path.md:110:six-patch replay and both final whole-branch review lenses pass. This lands only
./papers/semantics/lean_executable_semantics_path.md:731:valuations retain all four tags and collect `2 + 2 + 5 + 5 = 14` at one
./papers/semantics/lean_executable_semantics_path.md:796:| [Section 15.1](tensor_logic_semantics.md#151-explicit-inputs-to-elaboration): resolution | `resolveRef` ([Context](../../leanncd/LeanNCD/Semantics/Source/Context.lean)), `resolveSourceSlots` ([Admission](../../leanncd/LeanNCD/Semantics/Source/Admission.lean)), `adaptSource`, `UnsupportedSource` ([Adapter](../../leanncd/LeanNCD/Semantics/Source/Adapter.lean)) | Slots resolve by identity and must match the declared extent exactly. Refusals are typed (unbound, domain, rank, and the unsupported forms above). Roles come from explicit specs, not names. |
./papers/semantics/lean_executable_semantics_path.md:797:| [Section 15.2](tensor_logic_semantics.md#152-statement-variables-and-term-local-contraction): term-local contraction | `SupportPartition`, `admitTerm`, `interpret_product`, `interpret_contract` ([Admission](../../leanncd/LeanNCD/Semantics/Source/Admission.lean), [Lowering](../../leanncd/LeanNCD/Semantics/Source/Lowering.lean)) | The contracted variables of a term are its read identities not in the output, in declaration order, with a coverage and disjointness proof. A body is a nested sum of products. |
./papers/semantics/lean_executable_semantics_path.md:799:| [Sections 13.6 and 15.5](tensor_logic_semantics.md#136-core-programs): programs keep every occurrence | `AdmittedSource.program`, `program_*`, `IdentifiedSource`, `originalLocalEquiv`, `occurrenceIdentity` ([Program](../../leanncd/LeanNCD/Semantics/Source/Program.lean), [Provenance](../../leanncd/LeanNCD/Semantics/Source/Provenance.lean)) | A defined tensor collects every statement that targets it, in source order, with no merging. Original statement identities are retained and are in bijection with the program's occurrence tags. |
./papers/semantics/lean_executable_semantics_path.md:811:  sums of several terms are admitted. Section 15.1 excludes these from the
./papers/semantics/lean_executable_semantics_path.md:892:  four-leg parity. A refusal is never counted as parity.
./papers/semantics/lean_executable_semantics_path.md:910:  and oracle still agree; fixtures F14 and F15 observe
./papers/semantics/lean_executable_semantics_path.md:917:  of exactly 18 programs) and 39 implementation mutations: 18 proof-protected kills and 21
./papers/semantics/lean_executable_semantics_path.md:918:  executable-fixture kills, not 39 runtime differential samples. Six historical
./papers/semantics/lean_executable_semantics_path.md:972:All six selected mutations passed their intended generic kernel-proof rejection
./papers/f32_jax_spike_results.md:67:- `"$HOME/.elan/bin/lake" build JaxExperiment Eval.Plan.ExecutableTest`: exit 0, **8,515 jobs**
./papers/f32_jax_spike_results.md:97:All six fixtures are single-assignment `tensor f32` TL programs. "Lean ref" is
./leanncd/docs/superpowers/plans/2026-06-26-multioutput-impl-plan.md:39:- `Lowering.lean:315-317`: fold over `stmts.zipIdx`; inner fold over `sc.writes.zipIdx` inserting
./leanncd/LeanNCD/Bridge/AGENTS.md:22:Bridge imports `Base.Br`/`Base.BrWiring`/`Base.SizeExpr` (math tower), `DSL.Target`/`DSL.Compile`/`DSL.Pipeline.RouteSpec` (pipeline), `Acset.SBrInstance` (schema). Only `LeanNCD.lean` imports Bridge — safe to change internals as long as the four exported theorems/defs below keep their signatures.
./leanncd/LeanNCD/Bridge/AGENTS.md:49:- **`wf_topo`/`topo_bound` is a soundness tripwire.** As first stated it was false (`897d515`): true cycles, and coupled-scan self-recurrence (a scan step reading its own just-produced output). A plain "fail loud on cycle" guard also rejected valid coupled scans and was reverted. It holds now via a `routableInOrder` guard plus excluding self-reads from `inputReadFactors` (`../DSL/Pipeline/RouteSpec.lean`); a change to scan/scheduling logic can silently make it false again.
./papers/semantics/source_correspondence_artifacts/controller_post_mutations.md:14:| T2 inputs: skip shape rejection and repair short payloads (A15/A16) | yes | yes | yes | PASS |
./papers/semantics/source_correspondence_artifacts/controller_post_mutations.md:31:| T5-D15 successful native observation discards stored warnings | yes | yes | yes | PASS |
./papers/semantics/source_correspondence_artifacts/controller_post_mutations.md:39:| T6-policy-multiple-definitions-falsely-marked-shared (F14/F15) | yes | yes | yes | PASS |
./papers/semantics/source_correspondence_artifacts/controller_post_mutations.md:43:39/39 cycles passed.
./leanncd/docs/superpowers/plans/2026-08-27-nonlinearity-third-door-fix.md:5:just-merged fourth-door slice (`docs/superpowers/plans/2026-08-27-nonlinearity-fourth-door-fix.md`,
./leanncd/docs/superpowers/plans/2026-08-27-nonlinearity-third-door-fix.md:86:`check-snippet.sh` result: **COMPILES** — all four `#guard`s hold. Confirmed exactly as
./leanncd/docs/superpowers/plans/2026-08-27-nonlinearity-third-door-fix.md:116:the (now-closed) `.affine`/diagonal `.assign` door (fixture 14) and the freeNorm door (fixture 15),
./leanncd/docs/superpowers/plans/2026-08-27-nonlinearity-third-door-fix.md:117:and *less* severe than the fourth door (which was `compile`-reachable).
./leanncd/docs/superpowers/plans/2026-08-27-nonlinearity-third-door-fix.md:159:route. This mirrors the fourth door's own reject conclusion (§0.2 there) rather than the "expand a
./leanncd/docs/superpowers/plans/2026-08-27-nonlinearity-third-door-fix.md:373:(§2), re-run fixture 16, confirm the four reject `#guard`s flip to GREEN and the width/identity
./leanncd/docs/superpowers/plans/2026-08-27-nonlinearity-third-door-fix.md:412:`f17efc2`, more than the four the fourth-door slice touched — this door has a wider documentation
./leanncd/docs/superpowers/plans/2026-08-27-nonlinearity-third-door-fix.md:427:All six read as accurate against §0.1-§0.2's confirmed current behavior. `G23`'s own guard logic
./leanncd/docs/superpowers/plans/2026-08-27-nonlinearity-third-door-fix.md:430:the same reasoning the fourth door's `G24` guard used, per its own header note). Only its prose
./leanncd/docs/superpowers/plans/2026-08-27-nonlinearity-third-door-fix.md:435:piece of work — the fourth-door slice did not update any historical plan document when it closed
./leanncd/docs/superpowers/plans/2026-08-27-nonlinearity-third-door-fix.md:454:  class as the (closed) `.affine`/diagonal door, strictly less severe than the (closed) fourth door.
./leanncd/docs/superpowers/plans/2026-08-27-nonlinearity-third-door-fix.md:481:    left as a point-in-time record, matching the fourth-door slice's own precedent (§0.7).
./leanncd/docs/superpowers/plans/2026-08-27-nonlinearity-third-door-fix.md:497:**Two tasks.** Same reviewer-test boundary as the fourth-door slice: a reviewer could accept the
./leanncd/docs/superpowers/plans/2026-08-27-nonlinearity-third-door-fix.md:509:| 2 | doc updates across the 6 locations that documented this as open | 0 | 0 | pure prose-accuracy risk — six locations (not four) must agree with each other and with the actual fixed behavior; `RouteFragmentCorpusTest.lean` has two separate spots (module header + `G23`'s own comment) |
./leanncd/docs/superpowers/plans/2026-08-27-nonlinearity-third-door-fix.md:523:  fourth-door slice's own precedent exactly — its header-paragraph rewrite was Task 2, item 1
./leanncd/docs/superpowers/plans/2026-08-27-nonlinearity-third-door-fix.md:604:`RouteWeaveTest.lean` after fixture 15:
./leanncd/docs/superpowers/plans/2026-08-27-nonlinearity-third-door-fix.md:611:same reachability class as fixtures 14/15. Before this fix, `toReadIdx` collapsed `.iterAt a n`/
./leanncd/docs/superpowers/plans/2026-08-27-nonlinearity-third-door-fix.md:615:fixtures 14/15. -/
./leanncd/docs/superpowers/plans/2026-08-27-nonlinearity-third-door-fix.md:653:1. Confirm fixture 16's four reject `#guard`s fail to compile against unfixed `main` (already done
./leanncd/docs/superpowers/plans/2026-08-27-nonlinearity-third-door-fix.md:667:**Outcome.** All six locations (§0.7) that currently document this as an open, unfixed door are
./leanncd/docs/superpowers/plans/2026-08-27-nonlinearity-third-door-fix.md:675:   doors, both closed here" paragraph and the "✅ A fourth door" paragraph) with:
./leanncd/docs/superpowers/plans/2026-08-27-nonlinearity-third-door-fix.md:700:   Leave the fourth-door paragraph immediately below this one unchanged.
./leanncd/docs/superpowers/plans/2026-08-27-nonlinearity-third-door-fix.md:718:   Leave the fourth-door sentence immediately after it unchanged.
./leanncd/docs/superpowers/plans/2026-08-27-nonlinearity-third-door-fix.md:722:   ledger for the reproduction." with the same closed-door text as location 2 above (the fourth-door
./leanncd/docs/superpowers/plans/2026-08-27-nonlinearity-third-door-fix.md:753:   matching the fourth door's `G24` precedent of keeping a superseded-but-still-true guard as
./leanncd/docs/superpowers/plans/2026-08-27-nonlinearity-third-door-fix.md:760:any of the six edits — all are doc-comment or prose-only (1, 4 edit `.lean` doc comments; 2, 3 edit
./leanncd/docs/superpowers/plans/2026-08-27-nonlinearity-third-door-fix.md:770:fourth-door slice used: the fix is two small, already-verified pieces (a new inert-until-consumed
./leanncd/docs/superpowers/plans/2026-08-27-nonlinearity-third-door-fix.md:777:six locations (up from the fourth door's four), each is a few-sentence prose edit, not new logic.
./leanncd/docs/superpowers/plans/2026-08-27-nonlinearity-third-door-fix.md:801:- all six Task-2 locations agree with each other and with the actual fixed behavior (re-run §0.1's
./leanncd/docs/superpowers/plans/2026-08-27-nonlinearity-third-door-fix.md:841:- All six Task-2 locations (`RouteFragments.lean`'s header, `AGENTS.md`, the papers doc, `Ast.lean`,
./papers/f32c_evalplan.md:103:| 1 | carrier-parametric block + scan checker/worker | `Block.lean` +73/−(part), `Scan.lean` +84/−(part) (`+215/−36` combined with the new test file and lakefile) | Part A: 17 `#guard`s (new file, counted `rg -c '^\+#guard'` against the patch) | Q1–Q12 (12) + G1–G2 (2, `papers/f32c_mutations.json`) |
./papers/f32c_evalplan.md:105:| 3 | source admission (Step 0c deleted, 4 `destDtype` sites), the oracle, `CompileTest` re-points, doc sweep | `+181/−40` combined | Parts C+D: 12 new guards; `CompileTest`: 5 fixture groups re-pointed (2 new guard lines, 3 value-only re-points) | Q15–Q18 (4) |
./papers/f32c_evalplan.md:107:Totals: ~150 production lines, 37 new/re-pointed guard lines, 20 cycles (18 in
./papers/f32c_evalplan.md:258:| f32 scan, nonlinear body | **required**, `destDtype` ×4 (C2, C5–C7; Q15–Q18) | **required** `checkPointwiseF32`/`checkAxiswiseF32` (Q10, Q11) | forbidden | **required** (via `runDenseBlockWith`) | required | forbidden | forbidden |
./papers/f32c_evalplan.md:277:| 4 × `dtype := .f64` nonlinear result slots @ `compileScan` | yes | **fixed** → `destDtype` | C2, C5–C7; Q15–Q18 |
./papers/f32c_evalplan.md:446:**Dispatch:** Opus 5.5, high effort. The independent-oracle design and the four correctness-critical
./papers/f32c_evalplan.md:492:bash leanncd/scripts/mutation-manifest.sh --task 3 leanncd papers/f32c_mutations_post.json  # Q15-Q18
./papers/f32c_evalplan.md:534:The last six greps hit the stale sentences enumerated in phase 1's steps above, plus any sibling this
./papers/f32c_evalplan.md:610:   > sibling stays `.float64`; E3 four mixing refusals) and new mutation cycles Q19–Q21 in
./papers/implementation_seeds/nonlinearity_route_fragments/blockstep_migration/README.md:19:  - contains all nine donor-derived fixtures and six disabled mutation toggles.
./papers/implementation_seeds/nonlinearity_route_fragments/blockstep_migration/README.md:114:graph, and six mutation classes are unchanged. Current outer-plan nonlinearity support provides clear
./papers/iteration.md:234:`real_axis('i', 16)` gives `i` sixteen values; `real_axis('l', 10)` gives `l`
./papers/copilot_code_analysis.md:183:but never applies `rhs.nonlin` (`Eval/Scatter.lean:15-50`).
./papers/copilot_code_analysis.md:410:for every type carrying `ColoredPROP` (`Seam/Adapter.lean:8-17,53-95,105-157`). If a type also has
./papers/copilot_code_analysis.md:488:#### 15. Minimize effects per compiler phase
./papers/copilot_code_analysis.md:760:#### Spike 3 traceability to the four guarantees
./papers/copilot_code_analysis.md:762:The concrete Spike 3 suggestions should be read as a set of obligations against the four guarantee
./papers/copilot_code_analysis.md:972:  (`Eval/Scatter.lean:15-50`); and
./papers/copilot_code_analysis.md:1286:| **4f** | Confirmed four-phase scan implementation and update-order sensitivity | semantic closure | Freeze a plan-level recurrence contract suitable for `lax.scan`; do not extract around mutable evaluator state |
./papers/copilot_code_analysis.md:1610:The four phases in `evalScan` are real:
./papers/copilot_code_analysis.md:1882:any of the four guarantees.
./papers/copilot_code_analysis.md:1974:15. Unknown reduction spellings/tags fail at parse/decode boundaries.
./papers/copilot_code_analysis.md:2002:The schedule should be judged against the four properties named earlier:
./papers/copilot_code_analysis.md:2021:#### How the four buckets differ
./papers/copilot_code_analysis.md:2090:#### One operation through all four buckets
./papers/copilot_code_analysis.md:2098:with a mask and a selected normalization axis. The four buckets impose separate obligations:
./papers/copilot_code_analysis.md:2145:The plan does not make all four properties true immediately. It installs a concrete enforcement
./papers/copilot_code_analysis.md:2292:Semantic closure has four parts:
./papers/copilot_code_analysis.md:2372:An operation class is not marked supported until all four preservation points exist:
./papers/copilot_code_analysis.md:2436:Validation itself has four dimensions:
./papers/copilot_code_analysis.md:2554:Operationally, the four conditions above divide into two review tracks:
./papers/copilot_code_analysis.md:3050:Each review should state which of the four closure claims at the start of this section it advances.
./papers/visualization.md:235:localised to four files and does not modify the base layout machinery.
./docs/superpowers/specs/2026-07-17-e1-subproject2-axisuids-plan.md:53:`none` for `.affine` slots and `some a.uid` for the four bare-axis slots. So `freeAxisUIDs` collects a
./docs/superpowers/specs/2026-07-17-e1-subproject2-axisuids-plan.md:85:from a hand-written match to `(NodeName.traverseAxes (ConstL (List UID)) …).run`. The four
./docs/superpowers/specs/2026-07-17-e1-subproject2-axisuids-plan.md:87:family will break those four proofs**, and the sub-project-1-style fix would be to add a *second* layer of
./docs/superpowers/specs/2026-07-17-e1-subproject2-axisuids-plan.md:103:3. Re-derive the four `Structural.lean` proofs through the fusion lemma (the follow-up's work) — which lets the remaining four `specs*_old`/`_eq_old` pairs be deleted too.
./docs/superpowers/specs/2026-07-17-e1-subproject2-axisuids-plan.md:195:Task 6 refactor is never done (the four surviving `specs*_old`/`_eq_old` pairs persist in that case, so
./docs/superpowers/specs/2026-07-17-e1-subproject2-axisuids-plan.md:212:  the other four were deleted in the cleanup commit): doc-comment naming the spike theorem each ports
./docs/superpowers/specs/2026-07-17-e1-subproject2-axisuids-plan.md:248:  the `.affine` arm's list-`map` core is the non-trivial case; the four other arms should be `rfl`. If a
./leanncd/docs/superpowers/plans/2026-08-21-wiring-loop-generalization.md:36:accessors with placeholder locators `0 0`. `runDensePlan`'s dispatch match already has all four
./leanncd/docs/superpowers/plans/2026-08-21-wiring-loop-generalization.md:160:`WiringNode`'s four fields are genuine functions/values built by the caller per node, called by the
./leanncd/docs/superpowers/plans/2026-08-21-wiring-loop-generalization.md:319:specific error constructor returned differs — and no fixture in any of the four test files exercises
./papers/NaperianTyping.md:994:15. **[nLab: Kan Extension](https://ncatlab.org/nlab/show/Kan+extension)** — Left/right Kan extensions, used to formalize reduction and fold operations.
./papers/prop_ideas.md:376:arXiv:2402.15332): Para(C) is a bicategory where a 1-cell A → B is a pair (P, f: P ⊗ A → B)
./papers/prop_ideas.md:923:- Gavranovic et al. — Categorical Deep Learning: arXiv:2402.15332
./papers/implementation_seeds/nonlinearity_route_fragments/fixtures/README.md:24:| Diagnostic 15–16 | `LoweringTest` identity cycle plus its two-ReLU mutation |
./papers/implementation_seeds/nonlinearity_route_fragments/fixtures/README.md:46:| 6–15 | exact named errors and payloads at `@2,@2,@2,@2,@2,@3,@4,@4,@5,@2` → identical |
./papers/implementation_seeds/nonlinearity_route_fragments/adapter_proof/README.md:96:completed successfully. The direct check executed 15 `#guard`s and five `run_cmd` blocks, including
./docs/superpowers/specs/2026-07-23-e1-subproject3-mapuid-plan.md:217:  redefine via `Nonlin.traverseAxes`. Prove `Nonlin.mapUID_eq_old` by `cases n`: the six mask-free arms
./docs/superpowers/specs/2026-07-23-e1-subproject3-mapuid-plan.md:269:- [ ] **Step 1: `LHSSlot`** — freeze `LHSSlot.mapUID_old` (four bare-axis arms via `AxisSpec.mapUID`;
./leanncd/docs/superpowers/plans/2026-06-26-scan-lowering-fix.md:85:  four conjuncts close. Cost: drops §12.1 example 5 from the supported set (document it).
./leanncd/docs/superpowers/plans/2026-06-25-wellformed-forall-p.md:11:The proof is made tractable by first refactoring `route`'s `do`/`forIn` body into a **pure, structurally-recursive core** (`routeCore`) with equation lemmas, so the four conjuncts are provable by `List` induction rather than `EStateM`/`forIn` reasoning.
./leanncd/docs/superpowers/plans/2026-06-25-wellformed-forall-p.md:33:- **Modify** `LeanNCD/Bridge/Agreement.lean` — the four per-conjunct lemmas + `compile_wellFormed` (Phase 4).
./leanncd/docs/superpowers/plans/2026-06-25-wellformed-forall-p.md:462:## Phase 4 — Prove the four conjuncts and assemble the theorem
./leanncd/docs/superpowers/plans/2026-06-25-wellformed-forall-p.md:577:- **Spec coverage:** conjunct 2 → Phase 1 + Task 4.5; conjunct 4 → Phase 2 + Task 4.4; conjuncts 1,3 → Tasks 4.3/4.2; monad plumbing → Task 4.1; final theorem → Task 4.6. All four conjuncts of [`WellFormed`](../../../LeanNCD/Bridge/Realize.lean#L171) covered.
./leanncd/docs/superpowers/plans/2026-08-14-wave-f-f3-checked-scan-graph.md:8:evidence (`CheckedScanPlan`, `checkScanPlan`), the causality certificate, the four-phase Dense scan
./leanncd/docs/superpowers/plans/2026-08-14-wave-f-f3-checked-scan-graph.md:42:four closed scan policy tags) need nothing beyond `Kernel.lean` (`AssignPlan`, `TensorSlot`,
./leanncd/docs/superpowers/plans/2026-08-14-wave-f-f3-checked-scan-graph.md:132:- `leanncd/LeanNCD/Eval/Plan/RawStep.lean` — the four scan policy tags, `StateSlot`,
./leanncd/docs/superpowers/plans/2026-08-14-wave-f-f3-checked-scan-graph.md:655:**Verified** (standalone, then integrated) against four worked reads:
./leanncd/docs/superpowers/plans/2026-08-14-wave-f-f3-checked-scan-graph.md:706:## Task 3: Rank/unrank and the four-phase Dense scan worker
./leanncd/docs/superpowers/plans/2026-08-14-wave-f-f3-checked-scan-graph.md:826:- [ ] Add the six hand-computed fixtures above to `ScanTest.lean`, each built as a `RawScanPlan` and
./leanncd/docs/superpowers/plans/2026-08-14-wave-f-f3-checked-scan-graph.md:1077:the other four: it's not a `RawEvalPlan` literal construction site, it's direct field access on an
./leanncd/docs/superpowers/plans/2026-08-14-wave-f-f3-checked-scan-graph.md:1114:- [ ] Fix `CompileTest.lean`'s direct-field-access sites (a different shape from the four above — see
./leanncd/docs/superpowers/plans/2026-08-27-nonlinearity-t3-blockstep-migration.md:102:- **`Compile.lean`**: exactly two genuine occurrences (the other four grep hits are the phase-3/
./leanncd/docs/superpowers/plans/2026-08-27-nonlinearity-t3-blockstep-migration.md:109:- **`BlockTest.lean`**: exactly four genuine occurrences, all `RawPlanBlock` **construction** sites
./leanncd/docs/superpowers/plans/2026-08-27-nonlinearity-t3-blockstep-migration.md:192:- **No production file outside the four listed in Task 1 changes**
./leanncd/docs/superpowers/plans/2026-08-27-nonlinearity-t3-blockstep-migration.md:219:**Why this is not three or four tasks, unlike Task 1's and Task 2's own slice plans.** The instant
./leanncd/docs/superpowers/plans/2026-08-27-nonlinearity-t3-blockstep-migration.md:283:   `localCheck` runs `checkPointwise`/`checkAxiswise`). Do **not** transplant the seed's six
./leanncd/docs/superpowers/plans/2026-08-27-nonlinearity-t3-blockstep-migration.md:323:outside the four listed files moved — investigate before proceeding to Task 2.
./leanncd/docs/superpowers/plans/2026-08-27-nonlinearity-t3-blockstep-migration.md:362:> (Counted exactly 2026-08-27: `grep -c stmtIndex Error.lean` reports **15 lines** — 12 constructor
./leanncd/docs/superpowers/plans/2026-08-27-nonlinearity-t3-blockstep-migration.md:364:> carry the field, and 2 comment mentions. Use 15 as the post-rename grep gate, not 13.)
./leanncd/docs/superpowers/plans/2026-08-27-nonlinearity-t3-blockstep-migration.md:550:untouched at 15 matching lines. **Count correction:** this plan originally said "14 other
./leanncd/docs/superpowers/plans/2026-08-27-nonlinearity-t3-blockstep-migration.md:552:at the `writeCoeffRankMismatch`-adjacent constructor, and 2 comment mentions = 15 lines). Corrected
./leanncd/docs/superpowers/plans/2026-08-27-nonlinearity-t3-blockstep-migration.md:595:   four live outside the file whose docstring asserted the conclusion, so relaxing
./leanncd/docs/superpowers/plans/2026-08-27-nonlinearity-t3-blockstep-migration.md:598:   four and say explicitly that weakening any one reopens it.
./docs/superpowers/specs/2026-07-12-e6-scan-unroll-oracle-design.md:46:**In:** a curated family of six scan templates (below), a mechanical unroll transform (two
./docs/superpowers/specs/2026-07-12-e6-scan-unroll-oracle-design.md:63:in the *generator*, not just extra code. A curated family — six templates, each varied over `L`
./docs/superpowers/specs/2026-07-12-e6-scan-unroll-oracle-design.md:109:test 2); at least one instance of every one of the six templates is present.
./docs/superpowers/specs/2026-07-12-e6-scan-unroll-oracle-design.md:215:- `test/Eval/PropertyOracle/ScanGen.lean` — `ScanCase`, `enumScanCases` (the six templates).
./leanncd/docs/superpowers/plans/2026-08-20-thread-4-nonlinearity.md:84:  constructs and is unaffected either way). **Correction to the task brief's framing**: those four
./leanncd/docs/superpowers/plans/2026-08-20-thread-4-nonlinearity.md:101:  ships (four snippets: raw types + manual `BEq` instances for `PointwiseFn`/`AxiswiseFn`; the
./leanncd/docs/superpowers/plans/2026-08-20-thread-4-nonlinearity.md:106:  deriving `DecidableEq, BEq, Repr, Inhabited`) — all four compiled clean on the first pass except
./leanncd/docs/superpowers/plans/2026-08-20-thread-4-nonlinearity.md:120:repo (two more snippets beyond the original four, both green on the corrected pass — full tally in
./leanncd/docs/superpowers/plans/2026-08-20-thread-4-nonlinearity.md:240:  constant" and finding no consumer). The four 0-ULP functions (`relu`, `leakyrelu`, `normalize`,
./leanncd/docs/superpowers/plans/2026-08-20-thread-4-nonlinearity.md:243:  with no consumer would be pure decoration. The remaining four functions' bounds
./leanncd/docs/superpowers/plans/2026-08-20-thread-4-nonlinearity.md:431:four times in F3/F4 (free-extent, pinned-literal, write-map-rank, `stepWriteRowsOk`) — verified
./leanncd/docs/superpowers/plans/2026-08-20-thread-4-nonlinearity.md:450:| 15 | worker-side out-of-bounds write | n/a | n/a | **Not a write-path predicate at all** — verified by reading every reused function: `reluT`/`sigmoidT`/`tanhT`/`geluT`/`leakyReluT` are `⟨t.shape, t.data.map f⟩` (shape- and length-preserving by construction); `softmaxT`/`normalizeT`/`l2normalizeT`'s `perRow` writes back only to coordinates it read from the same tensor. There is no second "target" tensor addressed via an independently-boundable affine map the way `commitWrite` (`Scan.lean`) has — this is the structural reason this family is not a 5th instance of the free-extent/pinned-literal/write-rank/`stepWriteRowsOk` defect shape, not merely an unexamined absence |
./leanncd/docs/superpowers/plans/2026-08-20-thread-4-nonlinearity.md:485:| 2 | `runDensePointwise`/`runDenseAxiswise`, `PlanStep` extended to 4 constructors, all four exhaustive matches updated | Touches the closed sum every backend and every existing `.assign`/`.scan` test depends on — a regression here is invisible in a diff that only shows added match arms | **High.** Two independent final reviewers for this task specifically (not just the whole-branch review) — this is the "touches a soundness-relevant closed sum" case the task brief calls out by name. ~5-6 fixtures (one hand-built hybrid graph per new constructor, plus the two `sourceSlot==destinationSlot` regressions — `invalidForwardRead` and `duplicateDestination` — from §3/§4 row 12). |
./leanncd/docs/superpowers/plans/2026-08-20-thread-4-nonlinearity.md:561:  visible through `checkAxiswise`** with one fixture (not all six) — this confirms delegation
./leanncd/docs/superpowers/plans/2026-08-20-thread-4-nonlinearity.md:587:`PlanStep` has four constructors; `checkPlan`/`runDensePlan`/`PlanStep.sourceSlots`/
./leanncd/docs/superpowers/plans/2026-08-20-thread-4-nonlinearity.md:960:axiswise, the two deliberate legacy-narrowing deltas (§3), and the four unvalidated ULP bounds, and
./leanncd/docs/superpowers/plans/2026-08-20-thread-4-nonlinearity.md:973:  which enumerates `.capability`/`.scan`/`.invalidPlan` — gains a fourth clause for `.nonlin =
./leanncd/docs/superpowers/plans/2026-08-20-thread-4-nonlinearity.md:997:   item 1, and state that the four transcendental-call functions' ULP bounds specifically remain
./leanncd/docs/superpowers/plans/2026-08-20-thread-4-nonlinearity.md:1059:- [ ] `PlanStep` has four constructors; `checkPlan`/`runDensePlan`/`sourceSlots`/`destinationSlots`/
./leanncd/docs/superpowers/plans/2026-08-20-thread-4-nonlinearity.md:1060:      `CheckedPlanStepEvidence` all handle all four.
./leanncd/docs/superpowers/plans/2026-08-20-thread-4-nonlinearity.md:1120:  session (four separate snippet files, all green — one harmless unused-variable lint warning in
./leanncd/docs/superpowers/plans/2026-08-20-thread-4-nonlinearity.md:1251:behind `AxiswiseFn.apply` is behavior-preserving. All four exhaustive matches over the closed
./leanncd/docs/superpowers/plans/2026-08-20-thread-4-nonlinearity.md:1253:`PlanStep.sourceSlots`/`destinationSlots`) now handle all four constructors.
./leanncd/docs/superpowers/plans/2026-08-20-thread-4-nonlinearity.md:1310:support is landed while the four transcendental functions' ULP bounds remain unvalidated — no second
./leanncd/docs/superpowers/plans/2026-08-20-thread-4-nonlinearity.md:1315:That identifier-only grep pattern missed four further main-body passages phrased as the lowercase
./leanncd/docs/superpowers/plans/2026-08-20-thread-4-nonlinearity.md:1352:- **The four transcendental-call nonlin functions' ULP bounds** (`sigmoid`/`tanh`/`gelu`/`softmax`)
./leanncd/docs/superpowers/plans/2026-08-21-nonlinearity-in-scans.md:82:`unmarkedReductionAxis`. `NonlinCompileError` (`Error.lean`) already has exactly these four
./leanncd/docs/superpowers/plans/2026-08-21-nonlinearity-in-scans.md:122:dispatch match already has all four `PlanStep` arms (Thread 4 added `.pointwise`/`.axiswise`).
./leanncd/docs/superpowers/plans/2026-08-21-nonlinearity-in-scans.md:140:No sixth site was found beyond the design doc's own list. `scanSlotAxisOrFail` (used throughout
./leanncd/docs/superpowers/plans/2026-08-21-nonlinearity-in-scans.md:188:and `compileScan`'s Phase 1/3/4 correctly recombine and chain it, `template2`'s four generated cases
./leanncd/docs/superpowers/plans/2026-08-21-nonlinearity-in-scans.md:245:ships**, four scratch files, all green on final form (one authoring-time fix, noted per-snippet below):
./leanncd/docs/superpowers/plans/2026-08-21-nonlinearity-in-scans.md:247:axis remap (`retainedAxisPos`, six cases including the design doc's own worked "iteration slot before
./leanncd/docs/superpowers/plans/2026-08-21-nonlinearity-in-scans.md:410:Verified via `check-snippet.sh`, six cases: two top-level no-op cases (marker with no interleaved
./leanncd/docs/superpowers/plans/2026-08-21-nonlinearity-in-scans.md:415:slots surrounding one free slot, marker after all of them) — all six match hand-computed expectations
./leanncd/docs/superpowers/plans/2026-08-21-nonlinearity-in-scans.md:603:regardless of whether the reused code itself changed. Rows 1-15 restate Thread 4's own Task 1 table,
./leanncd/docs/superpowers/plans/2026-08-21-nonlinearity-in-scans.md:614:| 15 | worker-side out-of-bounds | `runDensePointwise`/`runDenseAxiswise` reused verbatim; still shape-preserving by construction (no coordinate arithmetic that can go out of range) — unaffected by which store array `runDenseBlock` passes them versus `runDensePlan` | Not a write-path predicate at all, same reasoning as Thread 4's own row 15 |
./leanncd/docs/superpowers/plans/2026-08-21-nonlinearity-in-scans.md:1138:  this session, four scratch files, all green in their final form: the split-pair recombination
./leanncd/docs/superpowers/plans/2026-08-21-nonlinearity-in-scans.md:1141:  the retained-axis remap (six cases, including the design doc's own worked example); the shared
./leanncd/docs/superpowers/plans/2026-08-28-nonlinearity-t4-scan-admission.md:6:document remains the canonical design record; this is the executable plan for its fourth slice.
./leanncd/docs/superpowers/plans/2026-08-28-nonlinearity-t4-scan-admission.md:33:### 0.1 The four production gates reproduce their job counts exactly
./leanncd/docs/superpowers/plans/2026-08-28-nonlinearity-t4-scan-admission.md:61:`unless total == 17 && accepted == 9 && nonlin == 4 && agg == 4`. The four `unsupportedNonlin`
./leanncd/docs/superpowers/plans/2026-08-28-nonlinearity-t4-scan-admission.md:82:### 0.4 The six oracle-group programs reproduce their recorded legacy values
./leanncd/docs/superpowers/plans/2026-08-28-nonlinearity-t4-scan-admission.md:143:The six oracle-group **programs** are in
./leanncd/docs/superpowers/plans/2026-08-28-nonlinearity-t4-scan-admission.md:193:- **Task 3's four-guard causality-completeness argument must survive.** Assignment-only scan
./leanncd/docs/superpowers/plans/2026-08-28-nonlinearity-t4-scan-admission.md:195:  local `.assign`; the four guards are `nonlinearSourceNotLocalAssignment` ∧ `checkStepGraph`'s
./leanncd/docs/superpowers/plans/2026-08-28-nonlinearity-t4-scan-admission.md:227:(positional 1–5, publication 6–10, base 11–13, negative 14–19). The six oracle groups are **not new
./leanncd/docs/superpowers/plans/2026-08-28-nonlinearity-t4-scan-admission.md:228:programs**: they are six of those nineteen (fixtures 4, 5, 6, 8, 9, 11 — see the Task 3 mapping) run
./leanncd/docs/superpowers/plans/2026-08-28-nonlinearity-t4-scan-admission.md:230:fixtures**; its deliverable is the extra assertion path plus its four oracle mutations. An
./leanncd/docs/superpowers/plans/2026-08-28-nonlinearity-t4-scan-admission.md:231:implementer must not author the six programs twice.
./leanncd/docs/superpowers/plans/2026-08-28-nonlinearity-t4-scan-admission.md:236:| 2 | Soundness matrix — publication/dependency and negative/write-safety fixtures — plus the six production mutation cycles that prove the reject-path and dependency guards are real | 11 (publication 6–10, negative 14–19) | 6 | the entire soundness claim: a publication leak or a provenance/causality gap is the failure mode Task 4 exists to prevent |
./leanncd/docs/superpowers/plans/2026-08-28-nonlinearity-t4-scan-admission.md:240:Task 3 — twelve. (The master plan's §4.4 estimate of thirteen assumed four oracle cycles; the unroller
./leanncd/docs/superpowers/plans/2026-08-28-nonlinearity-t4-scan-admission.md:242:surfaces are three, not four — see Task 3.)
./leanncd/docs/superpowers/plans/2026-08-28-nonlinearity-t4-scan-admission.md:244:**Why three, not two or four.** Task 1 and Task 2 split on the same axis Task 3's own plan used:
./leanncd/docs/superpowers/plans/2026-08-28-nonlinearity-t4-scan-admission.md:313:   comment (the four `template2` cases are now admitted). If the observed split is anything other than
./leanncd/docs/superpowers/plans/2026-08-28-nonlinearity-t4-scan-admission.md:350:**dependency and negative** invariants — capture ordering, the four `.freeNorm` reverts, allocation-
./leanncd/docs/superpowers/plans/2026-08-28-nonlinearity-t4-scan-admission.md:353:**Gate.** Beyond the four builds in §0.1, Task 1's own safety net — the only one it has, given no
./leanncd/docs/superpowers/plans/2026-08-28-nonlinearity-t4-scan-admission.md:366:### Task 2 — soundness matrix and its six production mutation cycles
./leanncd/docs/superpowers/plans/2026-08-28-nonlinearity-t4-scan-admission.md:397:| 15 | masked axiswise **recurrence** | clone fixture 5's state recurrence, make it a masked axiswise | `maskedAxiswiseNotSupported` |
./leanncd/docs/superpowers/plans/2026-08-28-nonlinearity-t4-scan-admission.md:405:`.freeNorm`-validation locators for the four `.freeNorm` revert cycles below.
./leanncd/docs/superpowers/plans/2026-08-28-nonlinearity-t4-scan-admission.md:407:**Mutation cycles** (six; production mutation → named fixture fails → restore → passes). Task 1
./leanncd/docs/superpowers/plans/2026-08-28-nonlinearity-t4-scan-admission.md:409:`retainedAxisPos`, `Array.range` outputs); these six are the reject-path, dependency, and
./leanncd/docs/superpowers/plans/2026-08-28-nonlinearity-t4-scan-admission.md:431:### Task 3 — route six existing fixtures through the independent oracle, and its oracle mutations
./leanncd/docs/superpowers/plans/2026-08-28-nonlinearity-t4-scan-admission.md:447:- `leanncd/test/Eval/Plan/ScanCompileTest.lean` — the §3.6 structural-fact guards for the four
./leanncd/docs/superpowers/plans/2026-08-28-nonlinearity-t4-scan-admission.md:452:1. Reference the six programs Tasks 1–2 built (see the mapping below), not fresh copies — they are
./leanncd/docs/superpowers/plans/2026-08-28-nonlinearity-t4-scan-admission.md:463:**Oracle-group → fixture mapping** (all six built by Tasks 1–2; none new):
./leanncd/docs/superpowers/plans/2026-08-28-nonlinearity-t4-scan-admission.md:476:plan originally listed four, but this unroller applies the nonlinearity **inline** on each leaf — it
./leanncd/docs/superpowers/plans/2026-08-28-nonlinearity-t4-scan-admission.md:487:Together the three break every one of the six groups (2; 1/3/5/6; 4), so the oracle is proven to
./leanncd/docs/superpowers/plans/2026-08-28-nonlinearity-t4-scan-admission.md:491:scaffolding over six fixtures Tasks 1–2 already built, so it is the cheapest of the three despite
./leanncd/docs/superpowers/plans/2026-08-28-nonlinearity-t4-scan-admission.md:493:other two, which is why it is not folded in). The four oracle mutations are test-only. The
./leanncd/docs/superpowers/plans/2026-08-28-nonlinearity-t4-scan-admission.md:529:- Legacy Eval, checked Plan, and the independent oracle agree on all six oracle-group values and on
./leanncd/docs/superpowers/plans/2026-08-28-nonlinearity-t4-scan-admission.md:572:short-circuits on the first parity disagreement, `accepted=13` also asserts the four newly-admitted
./leanncd/docs/superpowers/plans/2026-08-28-nonlinearity-t4-scan-admission.md:631:| 15 | masked axiswise recurrence | `nonlin (maskedAxiswiseNotSupported "S")` |
./leanncd/docs/superpowers/plans/2026-08-28-nonlinearity-t4-scan-admission.md:637:**Mutation cycles** (six production mutations → observed fail in the named fixture → restore → pass;
./leanncd/docs/superpowers/plans/2026-08-28-nonlinearity-t4-scan-admission.md:659:**No production change.** The six oracle-group programs (built in Tasks 1–2, referenced not
./leanncd/docs/superpowers/plans/2026-08-28-nonlinearity-t4-scan-admission.md:662:`PropertyOracle.independentRun`), which also asserts scratch privacy on all three legs. All six pass:
./leanncd/docs/superpowers/plans/2026-08-28-nonlinearity-t4-scan-admission.md:684:rather than agreeing vacuously. Only three cycles, not the plan's four: the unroller applies the
./leanncd/docs/superpowers/plans/2026-08-28-nonlinearity-t4-scan-admission.md:699:  Verified the four-guard causality argument holds for compiler output (a nonlinear statement's
./leanncd/docs/superpowers/plans/2026-08-26-nonlinearity-t1-logical-schedule.md:40:Observed 2026-08-26: **all five exit 0**; the adapter donor completes in ~5.3s with its 15 `#guard`s
./leanncd/docs/superpowers/plans/2026-08-26-nonlinearity-t1-logical-schedule.md:55:| "six current `LinearProgram` matches" | **yes, exactly 6** | `Pipeline/Types.lean` (the structure), `Pipeline/Lowering.lean` (`splitNonlins` result, `schedule` argument), `test/DSL/Pipeline/LoweringTest.lean` (3 fixtures) |
./leanncd/docs/superpowers/plans/2026-08-26-nonlinearity-t1-logical-schedule.md:250:Total 15 mutation cycles — the master plan's §3.3 list (14, plus the class-6 cycle this planning pass
./leanncd/docs/superpowers/plans/2026-08-26-nonlinearity-t1-logical-schedule.md:556:- All three task gates green, all **15** mutation cycles run as mutate/fail/restore/pass with the
./leanncd/docs/superpowers/plans/2026-08-26-nonlinearity-t1-logical-schedule.md:561:nonlinear scan admission, and the documentation sweep. Those are the next four slices.
./papers/implementation_seeds/nonlinearity_route_fragments/nonlinear_scan_admission/README.md:17:| 2 — recover and reproduce source programs | STOPPED | Exact donors were inspected; only donor candidates survive, not the six spike source/input pairs. |
./papers/implementation_seeds/nonlinearity_route_fragments/nonlinear_scan_admission/README.md:45:Under that standard, none of the six §3.6 recorded-value groups is reproduced here.
./papers/implementation_seeds/nonlinearity_route_fragments/nonlinear_scan_admission/README.md:67:| 2 | interleaved axiswise history ending `[..., .991521, .008479]` | No source/input pair survives. **Not reproduced; Phase-2 stop trigger.** |
./papers/implementation_seeds/nonlinearity_route_fragments/nonlinear_scan_admission/README.md:80:  `9915205505990216`: 82 blobs matched, classified as 71 design-record versions and 11 superseded
./papers/implementation_seeds/nonlinearity_route_fragments/nonlinear_scan_admission/README.md:107:These are donor-candidate observations only, not substitutions for the six required records.
./papers/implementation_seeds/nonlinearity_route_fragments/nonlinear_scan_admission/README.md:152:| Independent-oracle six-group table | **NOT EXECUTED** |
./papers/implementation_seeds/nonlinearity_route_fragments/nonlinear_scan_admission/README.md:165:  different semantics from the six recorded groups.
./papers/implementation_seeds/nonlinearity_route_fragments/nonlinear_scan_admission/README.md:177:Until authentic source/input pairs are recovered or the governing plan explicitly replaces the six
./papers/implementation_seeds/nonlinearity_route_fragments/nonlinear_scan_admission/README.md:183:The four authored fixtures are logical `ScheduledProgram`s run directly by the seed, so their
./papers/implementation_seeds/nonlinearity_route_fragments/nonlinear_scan_admission/README.md:255:- Fresh UIDs are local to the four authored fixtures. None of the six fixtures uses a mask,
./leanncd/docs/superpowers/plans/2026-08-29-nonlinearity-t5-differential-closure.md:74:| 1 — five differential cases | `nonlinearScanFixtures` in `DifferentialTest.lean` lists six groups covering all five §3.7 shapes, each run through `scanParityCheck` |
./leanncd/docs/superpowers/plans/2026-08-29-nonlinearity-t5-differential-closure.md:298:convention Tasks 1–4 used. It must carry: commits, the four gate job counts, the scan's residual
./leanncd/docs/superpowers/plans/2026-08-29-nonlinearity-t5-differential-closure.md:350:- The four scan-invisible documents and the two omitted documents (§0.5) are corrected.
./leanncd/docs/superpowers/plans/2026-08-29-nonlinearity-t5-differential-closure.md:365:*(To be appended on execution — commits, the four gate job counts, the scan's residual, both mutation
./leanncd/docs/superpowers/plans/2026-08-21-nonlinearity-in-scans-authoring-report.md:14:`residualizeAssignment`, all six phases of `compileScan`, `prepareEvalPlan`'s `.plain` branch),
./leanncd/docs/superpowers/plans/2026-08-21-nonlinearity-in-scans-authoring-report.md:33:2. **`retainedAxisPos`** (the local-axis remap) — six cases, including the design doc's own worked
./leanncd/docs/superpowers/plans/2026-08-21-nonlinearity-in-scans-authoring-report.md:62:   wrapper function — collapsing what could have been a six-callback sketch into a single
./leanncd/docs/superpowers/plans/2026-08-21-nonlinearity-in-scans-authoring-report.md:63:   `liftWiring : PlanError → E` plus four per-node fields (context/destination/source/local-check).
./leanncd/docs/superpowers/plans/2026-08-21-nonlinearity-in-scans-authoring-report.md:72:   (four of the corpus's current `unsupportedNonlin` cases) is a `.pointwise .relu` directly on a
./leanncd/docs/superpowers/plans/2026-08-27-nonlinearity-fourth-door-fix.md:1:# Close the fourth class-6 door (`.freeNorm` diagonal write bypasses `slotsBecomeScatter`)
./leanncd/docs/superpowers/plans/2026-08-27-nonlinearity-fourth-door-fix.md:188:**Fixture 15** (donor: `f14DiagSlots`/`f14RouteRejects` in `test/DSL/Pipeline/RouteWeaveTest.lean`
./leanncd/docs/superpowers/plans/2026-08-27-nonlinearity-fourth-door-fix.md:191:private def f15Axis : AxisSpec := { name := "i", uid := 1, kind := .real }
./leanncd/docs/superpowers/plans/2026-08-27-nonlinearity-fourth-door-fix.md:193:private def f15FreeNormDiagSlots : List LHSSlot := [.free f15Axis, .freeNorm f15Axis]
./leanncd/docs/superpowers/plans/2026-08-27-nonlinearity-fourth-door-fix.md:195:private def f15FreeNormDiagAssign (nl : Nonlin) : ScheduledProgram :=
./leanncd/docs/superpowers/plans/2026-08-27-nonlinearity-fourth-door-fix.md:197:  , stmts := [.plain (.assign "Y" f15FreeNormDiagSlots
./leanncd/docs/superpowers/plans/2026-08-27-nonlinearity-fourth-door-fix.md:198:      { body := { terms := [{ factors := [.read "X" [.axis f15Axis]] }] }, nonlin := nl, agg := .sum })]
./leanncd/docs/superpowers/plans/2026-08-27-nonlinearity-fourth-door-fix.md:203:private def f15RouteRejects (nl : Nonlin) : Bool :=
./leanncd/docs/superpowers/plans/2026-08-27-nonlinearity-fourth-door-fix.md:204:  match route (f15FreeNormDiagAssign nl) |>.run 0 with
./leanncd/docs/superpowers/plans/2026-08-27-nonlinearity-fourth-door-fix.md:208:#guard f15RouteRejects (.pointwise .relu)
./leanncd/docs/superpowers/plans/2026-08-27-nonlinearity-fourth-door-fix.md:209:#guard f15RouteRejects (.axiswise .softmax none)
./leanncd/docs/superpowers/plans/2026-08-27-nonlinearity-fourth-door-fix.md:213:error: Expression f15RouteRejects (Nonlin.pointwise PointwiseFn.relu) did not evaluate to `true`
./leanncd/docs/superpowers/plans/2026-08-27-nonlinearity-fourth-door-fix.md:214:error: Expression f15RouteRejects (Nonlin.axiswise AxiswiseFn.softmax none) did not evaluate to `true`
./leanncd/docs/superpowers/plans/2026-08-27-nonlinearity-fourth-door-fix.md:253:  `free`/`freeNorm`/`iterAt`/`iterNext` (all four map to `some`), not the selective `freeUID?`;
./leanncd/docs/superpowers/plans/2026-08-27-nonlinearity-fourth-door-fix.md:268:All four locations the fix must update currently describe the bug as **open**, matching `main`'s
./leanncd/docs/superpowers/plans/2026-08-27-nonlinearity-fourth-door-fix.md:273:corpus cases hit this shape today ... so this conjunct is free here"). All four paths verified with
./leanncd/docs/superpowers/plans/2026-08-27-nonlinearity-fourth-door-fix.md:288:  point (fixture 15, §0.4).
./leanncd/docs/superpowers/plans/2026-08-27-nonlinearity-fourth-door-fix.md:303:    the `.affine`/plain-diagonal doors (RSN1/RSN4) — this fix reaches that same branch via a fourth
./leanncd/docs/superpowers/plans/2026-08-27-nonlinearity-fourth-door-fix.md:314:one while approving its neighbour" test (e.g. RSN5 and fixture 15 have no independent failure mode
./leanncd/docs/superpowers/plans/2026-08-27-nonlinearity-fourth-door-fix.md:319:| 1 | the fix (`LHSSlot.freeUID?`) + two regression fixtures | 2 (RSN5, fixture 15) | 1 | the fix is one pattern-match arm on a function with exactly one caller — the risk is entirely in confirming no unintended fixture elsewhere flips (full `lake build Tests`), not in the fix's own logic (already verified, §0.3) |
./leanncd/docs/superpowers/plans/2026-08-27-nonlinearity-fourth-door-fix.md:330:- `test/DSL/Pipeline/RouteWeaveTest.lean` — new fixture 15 (donor: `f14DiagSlots`/`f14RouteRejects`,
./leanncd/docs/superpowers/plans/2026-08-27-nonlinearity-fourth-door-fix.md:347:    ⚠️ Fixed 2026-08-27 (found in whole-branch review, the "fourth class-6 door"): this used to
./leanncd/docs/superpowers/plans/2026-08-27-nonlinearity-fourth-door-fix.md:350:    full account and `ScatterNonlinRejectTest.lean`'s `RSN5` / `RouteWeaveTest.lean`'s fixture 15
./leanncd/docs/superpowers/plans/2026-08-27-nonlinearity-fourth-door-fix.md:363:--   fourth class-6 door (whole-branch review, 2026-08-27, fixed here): `slotsBecomeScatter`'s
./leanncd/docs/superpowers/plans/2026-08-27-nonlinearity-fourth-door-fix.md:374:Fixture 15, appended to `RouteWeaveTest.lean` after fixture 14 (same section style):
./leanncd/docs/superpowers/plans/2026-08-27-nonlinearity-fourth-door-fix.md:376:/-! ### Fixture 15 — §2.4 class 6, the fourth door: a nonlinear `.plain (.assign …)` whose LHS
./leanncd/docs/superpowers/plans/2026-08-27-nonlinearity-fourth-door-fix.md:382:private def f15Axis : AxisSpec := { name := "i", uid := 1, kind := .real }
./leanncd/docs/superpowers/plans/2026-08-27-nonlinearity-fourth-door-fix.md:384:private def f15FreeNormDiagSlots : List LHSSlot := [.free f15Axis, .freeNorm f15Axis]
./leanncd/docs/superpowers/plans/2026-08-27-nonlinearity-fourth-door-fix.md:386:private def f15FreeNormDiagAssign (nl : Nonlin) : ScheduledProgram :=
./leanncd/docs/superpowers/plans/2026-08-27-nonlinearity-fourth-door-fix.md:388:  , stmts := [.plain (.assign "Y" f15FreeNormDiagSlots
./leanncd/docs/superpowers/plans/2026-08-27-nonlinearity-fourth-door-fix.md:389:      { body := { terms := [{ factors := [.read "X" [.axis f15Axis]] }] }, nonlin := nl, agg := .sum })]
./leanncd/docs/superpowers/plans/2026-08-27-nonlinearity-fourth-door-fix.md:394:private def f15RouteRejects (nl : Nonlin) : Bool :=
./leanncd/docs/superpowers/plans/2026-08-27-nonlinearity-fourth-door-fix.md:395:  match route (f15FreeNormDiagAssign nl) |>.run 0 with
./leanncd/docs/superpowers/plans/2026-08-27-nonlinearity-fourth-door-fix.md:399:#guard f15RouteRejects (.pointwise .relu)
./leanncd/docs/superpowers/plans/2026-08-27-nonlinearity-fourth-door-fix.md:400:#guard f15RouteRejects (.axiswise .softmax none)
./leanncd/docs/superpowers/plans/2026-08-27-nonlinearity-fourth-door-fix.md:406:1. Confirm `RSN5` and fixture 15 fail to compile against unfixed `main` (already done in this plan,
./leanncd/docs/superpowers/plans/2026-08-27-nonlinearity-fourth-door-fix.md:411:   `RouteFragmentCorpusTest`, `LoweringTest`) — full green, including `RSN5`/fixture 15 now passing
./leanncd/docs/superpowers/plans/2026-08-27-nonlinearity-fourth-door-fix.md:414:4. Record the observed RED→GREEN flip for `RSN5` and fixture 15 in the ledger — this task's mutation
./leanncd/docs/superpowers/plans/2026-08-27-nonlinearity-fourth-door-fix.md:419:**Outcome.** The four locations that currently document this as an open, unfixed door are updated
./leanncd/docs/superpowers/plans/2026-08-27-nonlinearity-fourth-door-fix.md:421:regression fixtures (`RSN5`, fixture 15).
./leanncd/docs/superpowers/plans/2026-08-27-nonlinearity-fourth-door-fix.md:429:   ✅ **A fourth door was found (whole-branch review, 2026-08-27) and is now CLOSED.**
./leanncd/docs/superpowers/plans/2026-08-27-nonlinearity-fourth-door-fix.md:448:   fixture 15 (the hand-built-schedule / `route` entry point, mirroring fixture 14's `.assign`
./leanncd/docs/superpowers/plans/2026-08-27-nonlinearity-fourth-door-fix.md:467:   (`ScatterNonlinRejectTest.lean`) / fixture 15 (`RouteWeaveTest.lean`).
./leanncd/docs/superpowers/plans/2026-08-27-nonlinearity-fourth-door-fix.md:472:   the sentence beginning "**A fourth door, MORE SEVERE, found in the Task-2-slice whole-branch
./leanncd/docs/superpowers/plans/2026-08-27-nonlinearity-fourth-door-fix.md:487:            -- … the degraded producer is not ITSELF scatter-shaped (the fourth class-6 door,
./leanncd/docs/superpowers/plans/2026-08-27-nonlinearity-fourth-door-fix.md:495:   (Not part of the four locations named in the brief, but found during §0.7's accuracy check —
./leanncd/docs/superpowers/plans/2026-08-27-nonlinearity-fourth-door-fix.md:501:and every location's cross-reference (`RSN5`, fixture 15) actually exists post-Task-1. No `lake
./leanncd/docs/superpowers/plans/2026-08-27-nonlinearity-fourth-door-fix.md:525:- `RSN5` and fixture 15 actually exercise the freeNorm-same-axis shape (not a copy-paste that
./leanncd/docs/superpowers/plans/2026-08-27-nonlinearity-fourth-door-fix.md:529:- all four doc locations agree with each other and with the actual fixed behavior (re-run §0.1's
./leanncd/docs/superpowers/plans/2026-08-27-nonlinearity-fourth-door-fix.md:545:- `RSN5` or fixture 15 fails to flip to GREEN after applying exactly the `Ast.lean` edit in §2 —
./leanncd/docs/superpowers/plans/2026-08-27-nonlinearity-fourth-door-fix.md:555:- `RSN5` (`ScatterNonlinRejectTest.lean`) and fixture 15 (`RouteWeaveTest.lean`) exist, pass, and
./leanncd/docs/superpowers/plans/2026-08-27-nonlinearity-fourth-door-fix.md:558:- All four locations in §2 Task 2 read as closed, consistently, and were re-checked against a
./docs/superpowers/specs/2026-07-30-scan-axis-declaration-spike.md:82:#### Slot-level notation — the four shapes explored (2026-07-30, NOT chosen)
./docs/superpowers/specs/2026-07-30-scan-axis-declaration-spike.md:181:`RecurrenceTest` ~15 (9 of 10 programs; `:77` excluded), `EvalExamplesTest` ~4, `RejectTest` 3,
./docs/superpowers/specs/2026-07-30-scan-axis-declaration-spike.md:306:`AxisSpec.kind` field (`Ast.lean:15`), the elaborator (`Elab.lean:35,63,65`), and `isNat`/`isReal`
./docs/superpowers/specs/2026-07-30-scan-axis-declaration-spike.md:314:   elaborator arms (`Elab.lean:37,39`). `elabTLAxisKind` then has no recursive or `elabTLSize` call
./docs/superpowers/specs/2026-07-30-scan-axis-declaration-spike.md:331:All 15 sites carrying a kind size are of this shape, which is why deleting only the *grammar* (level
./docs/superpowers/specs/2026-07-30-scan-axis-declaration-spike.md:342:update**, not a cleanup. This also explains the 15 oracle sites that write kind sizes: the authors
./docs/superpowers/specs/2026-07-30-scan-axis-declaration-spike.md:347:Deleting it is mechanically safe (the cost is exactly the four `run_cmd` blocks at
./docs/superpowers/specs/2026-07-30-scan-axis-declaration-spike.md:374:section above, **including the four files whose ℕ axes must NOT be converted**. Plus 5 AST sites.
./docs/superpowers/specs/2026-07-30-scan-axis-declaration-spike.md:401:(`PropertyOracleTest.lean:15,36`, `Gen.lean:21`, `ScanGen.lean:146`) are ordinary axes and stay
./leanncd/docs/superpowers/plans/2026-09-12-lhs-scatter-in-scans.md:40:  `.claude/skills/slice-plan/check-snippet.sh` against the real `DSL/Ast.lean` API. All fourteen
./leanncd/docs/superpowers/plans/2026-09-12-lhs-scatter-in-scans.md:176:15. **All source-facing failures stay typed and located.** Capability checks precede shape,
./leanncd/docs/superpowers/plans/2026-09-12-lhs-scatter-in-scans.md:368:- Port the fourteen §3.1 observations into direct `LHSSlot.outExtent` guards.
./leanncd/docs/superpowers/plans/2026-09-12-lhs-scatter-in-scans.md:663:  S-A's `checkScatterLHSSlot` negatives, and `ScanCompileTest`'s four deferred S-B rejections.
./leanncd/docs/superpowers/plans/2026-09-12-lhs-scatter-in-scans.md:916:- Canonical even/odd base interleaving produces one six-cell state slice with no trailing padding
./leanncd/docs/superpowers/plans/2026-09-12-lhs-scatter-in-scans.md:943:- **Fixtures:** all fourteen §3.1 `LHSSlot.outExtent` observations are direct guards in
./docs/superpowers/specs/2026-06-12-lean-dsl-tensor-logic-design.md:23:## Structure (four subsections)
./docs/superpowers/specs/2026-07-17-e1-traverseaxes-decl-design.md:89:Three of four arms traverse a `List AxisSpec` via `Traversable.traverse g` directly (no nested
./docs/superpowers/specs/2026-07-17-e1-traverseaxes-decl-design.md:92:fourth (`.axis`) applies `g` to its single `AxisSpec` directly, same shape as `LHSSlot`'s four
./leanncd/docs/superpowers/plans/2026-08-10-jax-evalplan-smoke.md:132:- removing the bias term produced `[10, 15]`, and the exact-output assertion failed. The parity
./leanncd/docs/superpowers/plans/2026-08-10-jax-evalplan-smoke.md:234:- remove the generated bias-term addition and confirm parity fails with `[10, 15]`;
./leanncd/docs/superpowers/plans/2026-08-10-jax-evalplan-smoke.md:322:- removing the generated bias-term addition changed output to `[10.0, 15.0]` and failed the
./leanncd/docs/superpowers/plans/2026-08-13-stage-a-thread-6-refinements.md:273:- `AdapterTest.lean` Check 5 (reordering, `AdapterTest.lean:150-168`) **must keep passing unchanged**
./leanncd/docs/superpowers/plans/2026-08-13-stage-a-thread-6-refinements.md:351:binding type), adjudicated and fixed directly as the terminal action rather than spawning a fourth
./leanncd/docs/superpowers/plans/2026-08-13-stage-a-thread-6-refinements.md:359:  (`test/Eval/Plan/KernelCheckTest.lean:150`) — found and fixed by the Task 2 implementer, confirmed
./docs/superpowers/specs/2026-07-15-e1-traverseaxes-predarith-design.md:3:**Status:** approved 2026-07-15. Feeds `writing-plans`.
./docs/superpowers/specs/2026-07-15-e1-traverseaxes-predarith-design.md:7:Extend the E1 prototype (`docs/superpowers/specs/2026-07-15-e1-traverseaxes-prototype-design.md`,
./docs/superpowers/specs/2026-07-17-e1-scaffolding-refactor-followup.md:15:> `[propext]` (the old proof pulled `Quot.sound`). **Task B2** deleted all four
./docs/superpowers/specs/2026-07-17-e1-scaffolding-refactor-followup.md:20:> One deviation from the plan below: the six `specsX_map_uid_eq` lemmas were **kept**, not deleted.
./leanncd/docs/superpowers/plans/2026-08-10-jax-full-affine-semantics.md:159:This plan is authored against local `main` at `b513c15`, before Wave F F1 lands there. Before
./leanncd/docs/superpowers/plans/2026-08-10-jax-full-affine-semantics.md:341:- verified `runDenseAssign` output `#[6,15]`.
./leanncd/docs/superpowers/plans/2026-08-10-jax-full-affine-semantics.md:436:The affine smoke driver includes the nine verified source fixtures, six reused checked-kernel
./leanncd/docs/superpowers/plans/2026-08-10-jax-full-affine-semantics.md:437:fixtures, four local checked assignments (permuted basis, declared/reordered factor order, and empty
./leanncd/docs/superpowers/plans/2026-08-10-jax-full-affine-semantics.md:557:teeth; all four experiment runners and the complete Lean build pass; and documentation continues
./leanncd/docs/superpowers/plans/2026-08-10-jax-full-affine-semantics.md:585:3,832 cases and therefore missed it. All four experiment runners passed. The final default
./leanncd/docs/superpowers/plans/2026-07-01-acset-agreement-impl-plan.md:346:`from_field_filter`), `stepInsts_*`, the four `encodeStep_*_eqIdx` tagging lemmas, two-slot name
./leanncd/docs/superpowers/plans/2026-08-14-wave-f-f2-checked-plan-block.md:36:  (`Check.lean` lines 112-159): plain `Array Bool`/`Array (Option Nat)` availability tracking, one
./leanncd/docs/superpowers/plans/2026-08-14-wave-f-f2-checked-plan-block.md:82:  and the four-phase scan worker are F3. A block that is never referenced by anything outside its
